id_eleve,serie_cible,math,physique,svt,francais,histoire,aptitude_logique,niveau_motivation,centre_interet,interesse_par_informatique,moyenne_generale
NS11801,SMP,85.0,78.0,53.0,68.0,55.0,3.0,Élevée,Sciences et technologie,Oui,67.8
NS11190,SVT,86.0,62.0,87.39742473271028,62.0,53.64498042612915,4.0,Élevée,Santé et environnement,Non,70.2
NS11817,LLA,71.0,21.1193304877998,64.0,97.0,70.99566009326713,2.0,Très élevée,Arts et culture,Non,64.8
NS10251,SMP,75.0,74.0,80.0,66.0,61.0,4.0,Élevée,Informatique,Oui,71.2
NS12505,SES,80.0,60.0,60.0,78.0,85.0,2.0,Très élevée,Économie et société,Non,72.6
NS11117,SVT,64.0,62.0,82.0,73.0,64.0,4.0,,Sciences et technologie,Non,69.0
NS11411,LLA,57.0,39.0,,86.0,71.0,3.0,Élevée,Arts et culture,,61.4
NS12113,SMP,79.0,96.0,49.0,59.0,49.0,4.0,Élevée,Sciences et technologie,Non,66.4
NS10408,SMP,69.0,64.0,65.0,66.0,66.0,3.0,Très élevée,Informatique,Oui,66.0
NS12579,SES,69.0,44.0,59.0,72.0,70.0,2.0,Élevée,Économie et société,Non,62.8
NS12254,SMP,85.0,94.0,68.0,80.0,,5.0,Moyenne,Sciences et technologie,Oui,77.4
NS10052,SVT,64.0,77.0,73.0,73.0,60.0,4.0,Très élevée,Santé et environnement,Non,69.4
NS10644,SMP,86.0,90.0,74.0,60.0,55.0,5.0,Élevée,Sciences et technologie,Non,73.0
NS11763,SMP,77.0,61.0,72.0,65.0,54.0,5.0,Élevée,,Oui,65.8
NS12776,LLA,64.0,0.0,63.0,94.0,81.0,1.0,Très élevée,Lettres et langues,Non,70.2
NS10900,SES,75.0,52.0,50.0,91.0,,2.0,Très élevée,Économie et société,Oui,70.8
NS11073,LLA,70.0,56.0,52.0,83.0,76.0,3.0,Élevée,Lettres et langues,Oui,67.4
NS10472,SMP,90.0,78.0,55.0,54.0,68.0,4.0,Élevée,Informatique,Non,69.0
NS12738,SVT,55.0,0.0,90.0,63.0,87.0,4.0,Très élevée,Sciences et technologie,Oui,76.0
NS12546,SMP,71.0,87.0,53.0,69.0,49.0,3.0,Élevée,Sciences et technologie,Non,65.8
NS10044,SMP,68.0,79.0,73.0,62.0,60.0,3.0,,Sciences et technologie,Non,68.4
NS10289,LLA,44.0,42.0,61.0,89.0,65.0,2.0,Très élevée,Arts et culture,Oui,60.2
NS10912,LLA,49.0,42.0,63.0,95.0,88.0,,Très élevée,Arts et culture,Oui,67.4
NS12083,SMP,76.0,,54.0,64.0,69.0,5.0,Moyenne,Sciences et technologie,Oui,68.8
NS11360,SES,55.0,60.0,58.0,75.0,80.0,3.0,Très élevée,Économie et société,Oui,65.6
NS12895,SES,68.0,60.0,53.0,70.0,,4.0,Très élevée,Sciences et technologie,Non,64.2
NS12603,LLA,55.0,58.0,51.0,99.0,,3.0,Élevée,Lettres et langues,Oui,68.0
NS11226,SES,75.0,,54.0,76.0,82.0,3.0,Élevée,Économie et société,Non,67.4
NS10296,SMP,0.0,96.0,80.0,59.0,56.0,3.0,Élevée,Sciences et technologie,Non,75.8
NS11241,LLA,59.0,45.0,62.0,100.0,74.0,3.0,Très élevée,Arts et culture,Non,68.0
NS11005,SMP,82.0,100.0,62.0,72.0,67.0,4.0,Élevée,Sciences et technologie,Oui,76.6
NS11665,SES,71.0,51.0,45.0,74.0,87.0,2.0,Très élevée,Sciences et technologie,Non,65.6
NS10746,LLA,47.0,43.0,57.0,95.0,83.0,3.0,Très élevée,Arts et culture,Non,65.0
NS12851,SVT,87.0,72.0,82.0,86.0,75.0,4.0,Moyenne,Santé et environnement,Non,80.4
NS10291,SVT,88.0,66.0,65.0,80.0,66.0,4.0,Moyenne,Santé et environnement,Non,73.0
NS10781,SES,74.0,54.0,44.0,62.0,92.0,3.0,Très élevée,Économie et société,Non,65.2
NS12144,LLA,64.0,63.0,50.0,75.0,78.0,3.0,Élevée,Lettres et langues,Non,66.0
NS10322,SVT,93.0,87.0,86.0,76.0,71.0,4.0,Élevée,Santé et environnement,Oui,82.6
NS10298,SVT,68.0,55.0,89.0,82.0,55.0,4.0,Très élevée,Santé et environnement,Oui,69.8
NS11298,SES,67.0,74.0,68.0,80.0,73.0,,Très élevée,Économie et société,Non,72.4
NS10194,SES,77.0,76.0,56.0,77.0,77.0,3.0,Très élevée,Économie et société,Non,72.6
NS10063,SMP,,,73.0,50.0,80.0,4.0,Très élevée,Informatique,Non,72.4
NS10393,SVT,70.0,76.0,90.0,72.0,70.0,4.0,Très élevée,Sciences et technologie,Non,75.6
NS10727,SES,63.0,50.0,54.0,72.0,88.0,3.0,Très élevée,Économie et société,Non,65.4
NS11583,LLA,55.0,41.0,66.0,91.0,79.0,2.0,Très élevée,Arts et culture,Non,66.4
NS11547,LLA,48.0,40.0,65.0,81.0,95.0,2.0,Très élevée,Arts et culture,Oui,65.8
NS12425,SES,64.0,62.0,66.0,60.0,77.0,4.0,Élevée,Sciences et technologie,Non,65.8
NS10014,SVT,74.0,54.0,80.0,,69.0,,Élevée,Santé et environnement,Oui,71.4
NS12567,SMP,73.0,87.0,78.0,63.0,63.0,4.0,Élevée,Sciences et technologie,Non,72.8
NS11600,LLA,65.0,47.0,55.0,83.0,76.0,4.0,Élevée,Arts et culture,Non,65.2
NS11090,LLA,40.18967532083511,56.0,44.0,84.0,58.67602890834,2.0,Très élevée,Lettres et langues,Oui,56.6
NS12111,SES,61.0,52.0,,63.0,64.0,3.0,Très élevée,Sciences et technologie,Non,58.8
NS10203,SES,61.0,59.0,62.0,78.0,88.0,4.0,Très élevée,Économie et société,Oui,69.6
NS12418,SES,,55.0,74.0,75.0,71.0,4.0,Élevée,Sciences et technologie,Non,69.8
NS10152,SES,68.0,57.0,67.0,91.0,86.0,3.0,Très élevée,Sciences et technologie,Oui,73.8
NS12901,SMP,67.0,67.0,69.0,63.0,55.0,4.0,Élevée,Sciences et technologie,Non,64.2
NS11359,LLA,59.0,39.0,50.0,83.0,88.0,,Élevée,Lettres et langues,Non,63.8
NS10772,SES,58.0,29.0,77.0,74.0,81.0,3.0,Élevée,Économie et société,Non,63.8
NS12678,SES,81.0,63.0,83.0,68.0,76.0,3.0,Élevée,Économie et société,Non,74.2
NS11001,SMP,63.0,69.0,56.0,47.0,75.0,5.0,Très élevée,Sciences et technologie,Oui,62.0
NS10718,SES,68.0,56.0,71.0,79.0,84.0,2.0,Très élevée,Sciences et technologie,Non,71.6
NS10612,LLA,45.0,45.49752316252496,69.0,96.7849289326455,75.0,3.0,Très élevée,Lettres et langues,Non,66.3
NS10842,SMP,71.0,84.0,55.0,44.0,62.0,5.0,Très élevée,Sciences et technologie,Oui,63.2
NS10266,SVT,72.0,68.0,81.0,69.0,71.0,3.0,Élevée,Santé et environnement,Oui,72.2
NS10051,SVT,65.0,70.0,87.0,70.0,53.0,3.0,Très élevée,Santé et environnement,Non,69.0
NS11195,LLA,65.88597242683257,47.22660441036022,55.0,83.0,76.0,3.0,Très élevée,Lettres et langues,Non,65.4
NS11270,SES,71.0,66.0,68.0,62.0,77.0,3.0,Élevée,Économie et société,Non,68.8
NS11491,SVT,76.0,75.0,91.0,69.0,58.0,3.0,Élevée,Santé et environnement,Oui,73.8
NS11582,SES,70.0,54.0,60.0,79.0,74.0,4.0,Élevée,Sciences et technologie,Non,67.4
NS10521,LLA,56.0,58.0,48.0,100.0,62.0,3.0,Très élevée,Arts et culture,Non,64.8
NS11694,SES,61.0,62.0,54.0,61.0,74.0,3.0,Très élevée,Économie et société,Non,62.4
NS12663,SMP,87.0,82.0,72.0,61.0,67.0,5.0,Très élevée,Informatique,Oui,73.8
NS12748,SES,69.0,63.0,65.0,84.0,70.0,4.0,Élevée,Économie et société,Non,70.2
NS11921,SES,54.0,64.0,,74.0,82.0,3.0,Moyenne,Économie et société,Oui,67.0
NS10102,SES,64.0,57.0,75.0,81.0,85.0,3.0,Très élevée,Économie et société,Oui,72.4
NS10695,LLA,63.0,55.0,57.0,87.0,78.0,3.0,Très élevée,Arts et culture,Non,68.0
NS12332,LLA,65.0,37.0,64.0,87.0,75.0,3.0,Très élevée,Lettres et langues,Non,65.6
NS12724,SVT,73.0,61.0,91.0,69.0,65.0,4.0,Très élevée,Santé et environnement,Non,71.8
NS12272,SMP,85.0,80.0,66.0,69.0,52.0,5.0,Élevée,Informatique,Oui,70.4
NS12482,SVT,72.0,74.0,83.0,74.0,64.0,4.0,Élevée,Santé et environnement,Oui,73.4
NS11842,SES,72.0,64.0,54.0,83.0,87.0,3.0,Très élevée,Sciences et technologie,Non,72.0
NS11830,SVT,79.0,80.0,84.0,84.0,65.0,,Élevée,Santé et environnement,Oui,78.4
NS10794,LLA,55.0,46.0,71.0,85.0,72.0,3.0,Très élevée,Lettres et langues,Non,65.8
NS11820,SES,71.0,69.0,65.0,87.0,71.0,3.0,Très élevée,,Non,72.6
NS12001,LLA,53.0,49.0,51.0,89.0,71.0,2.0,Élevée,Arts et culture,Non,62.6
NS10144,LLA,44.0,62.0,62.0,76.0,83.0,2.0,Très élevée,Arts et culture,Non,65.4
NS12525,SVT,57.0,57.0,81.0,57.0,56.0,4.0,Très élevée,,Oui,61.6
NS11330,LLA,71.0,47.0,80.0,98.0,83.0,2.0,Élevée,Arts et culture,Oui,75.8
NS12477,SES,76.0,54.0,68.0,93.0,88.0,4.0,Très élevée,Sciences et technologie,Oui,75.8
NS12881,SES,64.0,74.0,63.0,89.0,81.0,2.0,Élevée,Économie et société,Non,74.2
NS10321,LLA,62.0,49.0,53.0,76.0,,3.0,Très élevée,Lettres et langues,Non,63.8
NS11261,SES,62.0,52.0,69.0,71.0,59.0,3.0,Élevée,Économie et société,Oui,62.6
NS12414,LLA,57.0,59.4935092623207,71.0,89.00238360508959,75.0,3.0,Très élevée,Arts et culture,Non,70.3
NS11269,SVT,66.0,67.0,74.0,75.0,55.0,3.0,,Santé et environnement,Non,67.4
NS11760,SMP,73.0,76.0,68.0,66.0,62.0,3.0,Faible,Informatique,Oui,69.0
NS10416,LLA,37.0,37.0,36.0,100.0,90.0,2.0,Très élevée,Lettres et langues,Non,60.0
NS12631,LLA,63.7418068191123,,61.93882241899949,81.0,75.0,3.0,Très élevée,Arts et culture,Oui,64.5
NS12291,SVT,66.0,67.0,74.0,73.0,77.0,4.0,Élevée,Sciences et technologie,Non,71.4
NS10174,LLA,37.0,50.0,60.0,84.0,57.0,3.0,Très élevée,Arts et culture,Non,57.6
NS11725,SES,69.0,72.0,61.0,62.0,82.0,3.0,Très élevée,,Oui,69.2
NS12175,SVT,73.0,72.0,100.0,58.0,79.0,4.0,Élevée,Santé et environnement,Oui,76.4
NS10045,SVT,77.0,,77.0,77.0,64.0,4.0,Moyenne,Santé et environnement,Oui,72.6
NS10685,LLA,52.0,39.0,61.0,87.0,68.0,2.0,Très élevée,Lettres et langues,Oui,61.4
NS11607,LLA,50.0,41.0,54.0,77.0,78.0,2.0,Très élevée,Lettres et langues,Non,60.0
NS11231,LLA,43.0,61.0,54.0,92.0,50.0,2.0,Élevée,Arts et culture,Non,60.0
NS10862,SMP,91.0,83.0,67.0,79.0,59.0,4.0,Très élevée,Sciences et technologie,Oui,75.8
NS11965,SES,67.0,46.0,69.0,76.0,70.0,3.0,Élevée,Économie et société,Non,65.6
NS10331,LLA,41.0,38.0,62.0,82.0,86.0,2.0,Très élevée,Lettres et langues,Non,61.8
NS10093,LLA,59.0,58.0,53.0,87.0,71.0,2.0,Très élevée,Lettres et langues,Oui,65.6
NS11641,SMP,77.0,81.0,55.0,56.0,72.0,5.0,Élevée,Sciences et technologie,Oui,68.2
NS12986,SVT,68.0,69.0,79.0,82.0,79.0,4.0,Élevée,Sciences et technologie,Non,75.4
NS10506,SVT,83.0,69.0,100.0,50.0,60.0,2.0,Moyenne,Santé et environnement,Oui,72.4
NS12909,SVT,79.0,72.0,88.0,63.0,65.0,4.0,Élevée,Sciences et technologie,Non,73.4
NS12045,SVT,73.0,69.0,93.0,61.0,72.0,4.0,Élevée,Santé et environnement,Non,73.6
NS10495,LLA,64.0,40.0,44.0,84.0,75.0,3.0,Élevée,Arts et culture,Non,61.4
NS12132,SES,70.0,63.0,57.0,90.0,77.0,4.0,Très élevée,Économie et société,Non,71.4
NS10000,SMP,73.0,86.0,73.0,62.0,67.0,5.0,Très élevée,Sciences et technologie,Oui,72.2
NS10314,LLA,69.0,44.01332858736101,50.0,79.91313079530157,62.0,3.0,Très élevée,Lettres et langues,Non,61.0
NS11272,SMP,80.0,,65.0,71.0,42.0,5.0,Très élevée,Sciences et technologie,Oui,66.2
NS11941,SMP,79.0,89.0,62.0,60.0,58.0,,Élevée,Sciences et technologie,Oui,69.6
NS12967,LLA,72.0,38.0,48.0,88.0,93.0,3.0,,Lettres et langues,Non,67.8
NS11316,SMP,91.0,72.0,61.0,73.0,55.0,5.0,Élevée,Sciences et technologie,Oui,70.4
NS10755,SMP,73.0,88.0,65.0,62.0,52.0,4.0,Très élevée,Sciences et technologie,Oui,68.0
NS11770,SVT,52.0,42.0,68.0,65.0,63.0,4.0,Très élevée,Santé et environnement,Non,58.0
NS11200,SVT,71.0,67.0,100.0,63.0,70.0,4.0,Élevée,Sciences et technologie,Oui,74.2
NS12174,SVT,67.0,64.0,72.0,58.0,58.0,3.0,Très élevée,Santé et environnement,Oui,63.8
NS11991,SMP,92.0,73.87243512653926,68.0,70.25962128910342,71.0,4.0,Très élevée,Informatique,,75.0
NS10879,SVT,71.0,62.0,87.0,49.0,60.0,4.0,Très élevée,Santé et environnement,Non,65.8
NS10765,SVT,79.0,69.0,79.0,70.0,76.0,5.0,Élevée,Santé et environnement,Non,74.6
NS10927,SVT,66.0,60.0,83.0,64.0,77.0,3.0,Élevée,Santé et environnement,Oui,70.0
NS12377,LLA,56.0,,54.0,85.0,80.0,2.0,Très élevée,Lettres et langues,Oui,62.8
NS11374,SVT,73.0,74.02843573806373,81.4314291729147,67.0,,3.0,Élevée,Santé et environnement,Non,73.9
NS11814,SVT,92.0,52.0,71.0,65.0,65.0,3.0,Très élevée,,Non,69.0
NS11798,SMP,77.0,69.0,58.0,67.0,69.0,4.0,Très élevée,Sciences et technologie,Non,68.0
NS10929,SVT,78.0,44.0,77.0,75.0,69.0,4.0,Très élevée,Santé et environnement,Non,68.6
NS10436,LLA,55.0,38.0,58.0,74.0,86.0,2.0,Très élevée,Arts et culture,Non,62.2
NS10196,LLA,53.0,65.0,51.0,83.0,80.0,2.0,Très élevée,Lettres et langues,Non,66.4
NS11762,LLA,59.0,47.0,37.0,89.0,98.0,3.0,Élevée,Arts et culture,,66.0
NS11064,SES,62.0,65.0,54.0,76.0,76.0,3.0,Très élevée,,,66.6
NS12342,SMP,73.0,91.0,69.0,57.0,45.0,3.0,Élevée,Informatique,Oui,67.0
NS12528,SMP,81.69364903465886,81.0,93.49019617642595,57.0,59.0,3.0,Élevée,Sciences et technologie,Oui,74.4
NS11268,LLA,53.0,44.0,65.0,100.0,63.0,4.0,Très élevée,Lettres et langues,Oui,65.0
NS12323,SMP,92.0,72.0,50.0,62.0,42.0,5.0,Très élevée,Informatique,Oui,63.6
NS12779,SMP,93.0,85.0,78.0,,64.0,4.0,Moyenne,Sciences et technologie,Non,76.8
NS12225,LLA,52.09839582174487,49.0,59.06409328660716,91.0,77.0,3.0,Très élevée,Arts et culture,,65.6
NS10450,LLA,58.0,62.0,43.0,90.0,93.0,3.0,Très élevée,Lettres et langues,Oui,69.2
NS12164,SES,52.0,67.0,44.0,69.0,81.0,3.0,Élevée,Sciences et technologie,Non,62.6
NS12372,SMP,79.0,87.0,55.0,67.0,72.0,4.0,Moyenne,Sciences et technologie,Oui,72.0
NS12012,SMP,74.0,74.0,74.0,57.0,63.0,4.0,Élevée,Sciences et technologie,Oui,68.4
NS10270,SMP,82.0,89.0,73.0,69.0,68.0,4.0,Moyenne,Informatique,Oui,76.2
NS11840,SVT,66.0,68.0,83.0,77.0,62.0,4.0,Très élevée,Santé et environnement,Oui,71.2
NS12934,SMP,65.0,71.0,92.0,73.0,73.0,4.0,Moyenne,Sciences et technologie,Oui,74.8
NS10978,SVT,91.0,,88.0,59.0,62.0,5.0,Très élevée,Santé et environnement,Non,73.0
NS12166,SMP,91.0,70.0,62.0,58.0,49.0,4.0,Faible,Informatique,Oui,66.0
NS10354,SMP,74.0,84.0,,50.0,64.0,3.0,Élevée,Sciences et technologie,Non,69.0
NS11876,SMP,94.0,77.0,70.0,59.0,72.0,5.0,Élevée,Sciences et technologie,Oui,74.4
NS10184,SVT,76.0,69.0,93.0,90.0,68.0,3.0,Élevée,Santé et environnement,Non,79.2
NS12744,SVT,70.0,68.0,81.0,59.0,73.0,4.0,Moyenne,Santé et environnement,Non,70.2
NS11614,LLA,63.0,38.0,63.0,81.0,84.0,2.0,Très élevée,Arts et culture,Non,65.8
NS12759,SVT,67.0,59.0,75.0,67.0,60.0,4.0,Très élevée,Sciences et technologie,Oui,65.6
NS11706,SES,59.0,40.0,29.0,74.0,70.0,4.0,Très élevée,Économie et société,Non,54.4
NS11861,SVT,68.0,71.0,94.0,53.0,50.0,3.0,Très élevée,Santé et environnement,Non,67.2
NS10246,SVT,70.0,73.0,83.0,68.0,48.0,3.0,Élevée,,Non,68.4
NS10555,LLA,68.0,52.0,44.0,99.0,79.0,4.0,Élevée,Lettres et langues,Non,68.4
NS11752,SVT,95.0,71.0,52.0,70.0,57.0,2.0,,Santé et environnement,Non,69.0
NS11364,SES,,69.0,55.0,64.0,73.0,3.0,Très élevée,Sciences et technologie,Non,66.6
NS10067,SVT,72.0,,75.0,77.78714011352827,78.68882775933595,4.0,Élevée,Sciences et technologie,Oui,76.5
NS12618,SVT,72.0,66.0,79.0,63.0,64.0,3.0,Élevée,Sciences et technologie,Non,68.8
NS12284,SES,52.0,50.0,67.0,81.0,85.0,3.0,Très élevée,,Non,67.0
NS10532,SMP,83.0,91.0,57.0,68.0,61.0,,Très élevée,Sciences et technologie,Oui,72.0
NS12873,SES,68.0,56.0,57.0,81.0,90.0,2.0,Élevée,Sciences et technologie,Non,70.4
NS12705,SVT,68.0,62.0,76.0,73.0,67.0,3.0,Très élevée,Sciences et technologie,Oui,69.2
NS11502,SVT,63.0,76.0,63.0,49.0,75.0,2.0,Moyenne,Santé et environnement,Oui,65.2
NS10761,LLA,70.0,53.0,58.0,79.0,85.0,2.0,Très élevée,Arts et culture,Non,69.0
NS12752,SES,77.0,60.0,82.0,89.0,89.0,2.0,Élevée,Économie et société,Non,79.4
NS11211,LLA,,75.0,57.0,81.0,83.0,2.0,Très élevée,Lettres et langues,Non,70.4
NS12243,LLA,67.0,66.0,,97.0,68.0,2.0,Élevée,Lettres et langues,Non,70.8
NS11793,LLA,62.0,58.0,62.0,80.0,85.0,2.0,Très élevée,Arts et culture,Non,69.4
NS10535,SMP,84.0,71.0,57.0,70.0,73.0,4.0,Élevée,Informatique,Oui,71.0
NS11746,LLA,56.0,68.0,65.0,94.0,72.0,4.0,Très élevée,Lettres et langues,Oui,71.0
NS10463,SVT,80.0,62.0,91.0,79.0,58.0,4.0,Élevée,Sciences et technologie,Non,74.0
NS12677,SMP,80.0,92.0,60.0,79.0,68.0,5.0,Élevée,Informatique,Non,75.8
NS11839,SVT,81.0,79.89654532365148,86.0,63.085032477645306,63.0,4.0,Très élevée,Santé et environnement,Non,74.6
NS12862,SVT,76.0,61.0,74.0,54.0,57.0,,Faible,Santé et environnement,Oui,64.4
NS10124,SVT,61.0,105.0,96.0,75.0,69.0,3.0,Élevée,Santé et environnement,Oui,72.4
NS10178,LLA,53.0,35.0,59.0,88.0,80.0,4.0,Élevée,,Non,63.0
NS10192,SVT,64.0,74.0,83.0,79.0,69.0,2.0,Élevée,Sciences et technologie,Oui,73.8
NS12307,SMP,88.0,94.0,79.0,71.0,56.0,4.0,Très élevée,,Oui,77.6
NS11429,LLA,55.0,43.0,,,96.0,2.0,Très élevée,Arts et culture,Non,70.6
NS11691,SVT,65.0,59.0,64.0,76.0,63.0,2.0,Très élevée,Santé et environnement,Non,65.4
NS10741,SVT,68.0,50.0,87.0,58.0,62.0,2.0,Moyenne,Santé et environnement,Oui,65.0
NS11034,LLA,65.0,52.0,80.0,91.0,64.0,2.0,Élevée,Lettres et langues,Oui,70.4
NS11966,SMP,94.0,,56.0,68.0,65.0,4.0,Moyenne,Sciences et technologie,Oui,73.2
NS10478,SMP,74.0,81.0,68.0,61.0,53.0,4.0,Très élevée,Sciences et technologie,Non,67.4
NS11027,SMP,86.0,67.0,62.0,72.0,64.0,5.0,Élevée,Informatique,Non,70.2
NS12601,SES,72.0,70.0,69.0,66.0,75.0,4.0,Très élevée,Économie et société,Oui,70.4
NS10368,LLA,56.0,59.0,57.0,97.0,63.0,2.0,Très élevée,Lettres et langues,Non,66.4
NS12523,SES,80.0,51.0,60.0,74.0,,4.0,Très élevée,Sciences et technologie,Non,69.2
NS10845,LLA,84.0,40.0,56.0,81.0,86.0,1.0,Élevée,Arts et culture,Non,69.4
NS10256,SVT,77.0,74.0,96.0,71.0,75.0,3.0,Élevée,Santé et environnement,Non,78.6
NS11222,LLA,75.0,65.0,55.0,81.0,81.0,4.0,Très élevée,Lettres et langues,Non,71.4
NS11992,SES,63.0,49.0,40.0,68.0,,3.0,,Économie et société,Oui,61.6
NS10211,SES,69.0,69.0,52.0,91.0,73.0,3.0,Très élevée,Économie et société,Oui,70.8
NS12689,SVT,73.0,,96.0,71.0,70.0,3.0,Moyenne,Santé et environnement,Non,77.0
NS11949,SES,59.0,46.0,65.0,55.0,94.0,2.0,Très élevée,Sciences et technologie,Non,63.8
NS11362,SMP,93.0,79.0,74.0,67.0,64.0,4.0,Élevée,Sciences et technologie,Oui,75.4
NS12151,SMP,70.0,91.0,62.0,67.0,58.0,,Très élevée,Sciences et technologie,Non,69.6
NS12153,SVT,78.0,68.0,93.0,63.0,65.0,3.0,Très élevée,Sciences et technologie,Non,73.4
NS10567,SES,61.0,54.0,72.0,,73.0,3.0,Très élevée,Sciences et technologie,Oui,65.2
NS12206,SES,78.0,64.0,43.0,65.0,74.0,5.0,Très élevée,Sciences et technologie,Oui,64.8
NS12093,SVT,74.0,78.0,79.0,58.0,61.0,3.0,Élevée,Santé et environnement,Non,70.0
NS11710,SMP,77.0,81.0,66.0,65.0,64.0,4.0,Très élevée,Informatique,Non,70.6
NS11263,SVT,67.0,77.0,88.0,64.0,61.0,,Très élevée,Santé et environnement,Oui,71.4
NS12123,LLA,66.0,42.0,57.0,87.0,67.0,3.0,Très élevée,Arts et culture,Oui,63.8
NS10798,SMP,90.0,88.0,64.0,69.0,61.0,4.0,Très élevée,Sciences et technologie,Oui,74.4
NS10080,SVT,67.0,,72.0,62.0,72.0,2.0,Élevée,Santé et environnement,Oui,67.8
NS10032,LLA,50.0,54.0,52.0,83.0,85.0,2.0,,Lettres et langues,Oui,64.8
NS10414,SVT,63.0,61.0,92.0,50.0,77.0,3.0,Élevée,Sciences et technologie,Non,68.6
NS11804,SVT,62.0,52.0,75.0,72.0,73.0,4.0,Moyenne,Sciences et technologie,Non,66.8
NS12213,SMP,94.0,71.0,64.0,61.0,57.0,3.0,Élevée,Informatique,Non,69.4
NS11321,LLA,48.0,58.0,66.0,82.0,70.0,3.0,Très élevée,Lettres et langues,Non,64.8
NS11567,SMP,59.0,83.0,79.0,82.0,49.0,5.0,Très élevée,Sciences et technologie,Oui,70.4
NS10783,SES,62.0,44.0,57.0,73.0,89.0,4.0,Moyenne,Économie et société,Non,65.0
NS12991,SMP,81.0,74.0,70.0,68.0,70.0,5.0,Moyenne,Sciences et technologie,Oui,72.6
NS11412,SMP,88.0,80.0,75.0,74.0,51.0,,Très élevée,Sciences et technologie,Non,73.6
NS10457,SES,72.0,42.0,72.0,66.0,72.0,4.0,Très élevée,Économie et société,Non,64.8
NS10139,SES,83.19671481054047,46.0,59.0,81.0,87.50154315583282,5.0,Élevée,Sciences et technologie,Non,71.3
NS12230,SES,66.0,69.0,42.0,91.0,75.0,4.0,Élevée,Économie et société,Non,68.6
NS11025,SMP,82.0,70.0,79.0,64.0,53.0,5.0,Élevée,Informatique,Oui,69.6
NS10088,SES,67.0,62.0,62.0,78.0,85.0,3.0,Élevée,Économie et société,Oui,70.8
NS11442,SMP,85.0,62.0,83.0,97.0,62.0,3.0,Élevée,Sciences et technologie,Oui,77.8
NS11831,SES,71.0,,56.0,,89.0,2.0,Élevée,,Oui,67.4
NS12576,SVT,72.0,78.0,81.0,71.0,72.0,3.0,Très élevée,Sciences et technologie,Oui,74.8
NS10254,SES,73.0,44.0,55.0,97.0,73.0,3.0,Très élevée,Sciences et technologie,Oui,68.4
NS10605,SVT,65.0,75.0,91.0,60.0,44.0,3.0,Très élevée,Santé et environnement,Non,67.0
NS11044,LLA,63.0,55.0,,94.0,85.0,1.0,Très élevée,Lettres et langues,Non,72.4
NS10568,SES,55.0,63.0,55.0,81.0,60.0,,Élevée,Sciences et technologie,Non,62.8
NS11732,SMP,79.0,71.0,82.0,65.0,56.0,4.0,Élevée,Informatique,Oui,70.6
NS12542,SVT,78.0,82.0,77.0,61.0,,3.0,Élevée,Santé et environnement,Non,72.2
NS10857,SES,66.0,64.0,47.0,75.0,83.0,3.0,Très élevée,Économie et société,Oui,67.0
NS12472,SVT,72.0,57.0,86.0,65.0,55.0,3.0,Très élevée,Sciences et technologie,Oui,67.0
NS10817,LLA,73.0,56.0,64.0,94.0,88.0,2.0,Élevée,Arts et culture,Oui,75.0
NS12030,SES,58.0,68.0,77.0,65.0,69.0,3.0,Très élevée,Économie et société,Oui,67.4
NS11877,LLA,54.0,59.0,73.0,95.0,68.0,3.0,Très élevée,Arts et culture,Non,69.8
NS10141,SVT,50.0,60.0,83.0,82.0,52.0,4.0,Élevée,Santé et environnement,Oui,65.4
NS10443,SVT,76.0,53.0,84.0,85.0,45.0,3.0,Très élevée,Sciences et technologie,Non,68.6
NS11174,SES,64.0,42.0,58.0,83.0,98.0,1.0,Élevée,Économie et société,Oui,69.0
NS10486,SMP,79.0,74.0,70.0,59.0,51.0,4.0,Élevée,Sciences et technologie,Oui,66.6
NS10881,SES,61.0,76.0,56.0,66.0,96.0,4.0,Élevée,Économie et société,Non,71.0
NS12564,SVT,67.0,74.0,82.0,66.0,53.0,4.0,Élevée,Santé et environnement,Non,68.4
NS11084,SMP,87.0,75.0,63.0,67.0,56.0,5.0,Très élevée,Sciences et technologie,Oui,69.6
NS11299,LLA,41.0,56.0,56.0,79.0,100.0,3.0,Très élevée,Arts et culture,Non,66.4
NS10175,SMP,-10.0,88.0,80.0,70.0,65.0,5.0,Élevée,Sciences et technologie,Oui,78.2
NS11094,SMP,85.0,72.0,74.0,72.0,64.0,5.0,Élevée,Sciences et technologie,Non,73.4
NS12700,LLA,49.0,57.0,69.0,84.0,73.0,3.0,Élevée,Lettres et langues,Oui,66.4
NS12846,LLA,57.0,67.0,38.0,80.0,83.0,2.0,Très élevée,Arts et culture,Oui,65.0
NS11963,SMP,100.0,79.0,74.0,61.0,66.0,5.0,Élevée,Sciences et technologie,Oui,76.0
NS12681,SMP,83.0,87.0,61.0,48.0,52.0,5.0,Élevée,,Non,66.2
NS12097,SMP,77.0,76.0,78.0,78.0,60.0,5.0,Élevée,Sciences et technologie,Oui,73.8
NS12155,SMP,85.0,73.0,55.0,54.0,61.0,5.0,Élevée,Sciences et technologie,Oui,65.6
NS11556,SMP,71.0,96.0,56.0,57.0,55.0,5.0,Très élevée,Sciences et technologie,Non,67.0
NS11670,SMP,89.0,64.0,59.0,62.0,58.0,4.0,Moyenne,Sciences et technologie,Non,66.4
NS10177,SMP,77.0,88.0,50.0,63.0,57.0,3.0,Moyenne,Sciences et technologie,Oui,67.0
NS11078,SMP,80.0,81.0,73.0,55.0,63.0,4.0,Très élevée,Informatique,Non,70.4
NS10598,LLA,41.0,54.0,48.0,81.0,63.0,2.0,Élevée,Arts et culture,Non,57.4
NS12190,SES,77.0,62.0,55.0,90.0,71.0,2.0,Moyenne,Économie et société,Non,71.0
NS12531,SMP,67.0,91.0,73.0,67.0,58.0,3.0,Très élevée,,Oui,71.2
NS12667,LLA,66.0,61.0,,74.0,77.0,3.0,Moyenne,Arts et culture,Non,67.8
NS12786,LLA,60.0,47.0,62.0,75.0,69.0,2.0,Très élevée,Lettres et langues,Oui,62.6
NS10479,LLA,54.0,40.0,68.0,89.0,77.0,,Très élevée,Lettres et langues,Non,65.6
NS11967,SVT,58.0,62.43620026783378,95.33037429033696,76.0,,4.0,Élevée,Santé et environnement,Non,71.2
NS11057,SES,56.0,66.0,53.0,74.0,61.0,4.0,Élevée,Économie et société,Non,62.0
NS12268,SES,54.0,67.0,79.0,70.0,86.0,4.0,Élevée,Sciences et technologie,Non,71.2
NS10533,LLA,77.12681792455795,45.0,65.29491114461406,85.0,67.0,,Élevée,Arts et culture,Non,67.9
NS11103,LLA,62.0,45.0,55.0,84.92007052710022,79.04206649962212,2.0,Très élevée,Arts et culture,Non,65.2
NS11106,SVT,75.0,70.61416145864769,86.0,74.75306388855515,61.0,4.0,Élevée,Santé et environnement,,73.5
NS12927,SVT,66.0,60.0,81.0,61.0,71.0,3.0,Moyenne,Sciences et technologie,Non,67.8
NS11123,SMP,82.0,65.0,73.72359425118368,67.0,59.33557035163874,4.0,Moyenne,Sciences et technologie,Non,69.4
NS10942,SES,74.0,57.0,64.0,93.0,75.0,2.0,Très élevée,Sciences et technologie,Oui,72.6
NS10162,SMP,65.0,99.51156605506964,49.0,,81.5087534116855,4.0,Élevée,Informatique,Non,72.2
NS11551,SVT,73.0,79.0,74.0,70.0,84.0,3.0,Très élevée,Santé et environnement,Non,76.0
NS10965,SES,57.0,50.0,71.91423807970824,73.0,82.67451681960695,3.0,Très élevée,Économie et société,Non,66.9
NS10471,SES,67.0,45.0,59.0,83.0,90.0,3.0,Très élevée,Sciences et technologie,Non,68.8
NS10844,SES,50.0,52.0,57.0,93.0,98.0,2.0,Élevée,Économie et société,Non,70.0
NS10998,SMP,69.0,62.0,72.0,75.0,66.0,4.0,Élevée,Sciences et technologie,,68.8
NS11904,SES,58.0,49.0,63.0,77.0,76.0,3.0,Moyenne,,Oui,64.6
NS10030,SMP,89.0,98.0,64.0,85.0,49.0,5.0,Élevée,Sciences et technologie,Oui,77.0
NS12890,SES,76.0,62.0,59.0,91.0,70.0,,Élevée,Sciences et technologie,Oui,71.6
NS10423,LLA,42.0,48.0,65.0,70.0,93.0,3.0,Très élevée,Lettres et langues,Oui,63.6
NS10511,SVT,63.0,62.0,62.0,58.0,70.0,4.0,Très élevée,Sciences et technologie,Non,63.0
NS12758,SMP,71.0,86.0,74.0,79.0,56.0,5.0,Élevée,Sciences et technologie,Non,73.2
NS12737,SMP,83.0,73.0,59.0,70.0,71.0,5.0,Élevée,Informatique,Non,71.2
NS11393,SVT,81.0,64.0,69.0,58.0,64.0,3.0,Élevée,Sciences et technologie,Non,67.2
NS11586,SES,,52.0,52.0,68.0,89.0,4.0,Élevée,,Non,67.6
NS11929,SVT,55.0,70.0,83.0,77.0,75.0,2.0,Très élevée,Santé et environnement,Oui,72.0
NS12497,LLA,61.0,34.0,67.0,73.0,76.0,2.0,Élevée,Arts et culture,Oui,62.2
NS10787,LLA,49.0,53.0,53.0,76.0,87.0,2.0,Très élevée,Arts et culture,Non,63.6
NS12636,LLA,75.0,59.0,55.0,89.0,76.0,1.0,Très élevée,Lettres et langues,Non,70.8
NS12538,SES,58.0,57.0,63.0,82.0,78.0,3.0,Très élevée,Sciences et technologie,Non,67.6
NS10402,SVT,79.0,73.0,85.0,68.0,54.0,3.0,,Santé et environnement,Non,71.8
NS10433,LLA,68.0,48.0,48.0,77.0,,3.0,Très élevée,Lettres et langues,Non,59.6
NS11151,SES,68.0,65.0,65.0,74.0,93.0,2.0,,Économie et société,Non,73.0
NS10073,LLA,,42.0,71.0,88.0,75.0,,,Arts et culture,Non,66.6
NS11536,SMP,,84.0,65.0,64.0,67.0,5.0,Très élevée,Sciences et technologie,,70.6
NS12709,SES,64.0,41.0,63.0,80.0,90.0,3.0,,Économie et société,Non,67.6
NS10621,LLA,57.0,25.0,47.0,91.0,67.0,1.0,Très élevée,Arts et culture,Oui,57.4
NS11437,SMP,85.0,76.0,70.0,51.0,50.0,3.0,Très élevée,Informatique,,66.4
NS11559,SMP,,76.0,77.0,71.0,69.0,5.0,Élevée,Sciences et technologie,Oui,76.6
NS11566,SVT,60.0,58.0,95.0,72.0,70.0,2.0,Très élevée,Santé et environnement,Non,71.0
NS10324,SVT,79.0,83.0,81.0,74.0,65.0,2.0,Très élevée,Santé et environnement,Oui,76.4
NS10332,SVT,73.0,81.0,72.0,61.0,75.0,5.0,Très élevée,Sciences et technologie,Non,72.4
NS11392,SMP,84.0,76.0,69.0,62.0,45.0,4.0,Moyenne,Informatique,Non,67.2
NS10650,LLA,63.0,56.0,53.0,91.0,100.0,3.0,Très élevée,Lettres et langues,Non,72.6
NS12236,SMP,70.0,70.0,105.0,64.0,72.0,4.0,Très élevée,Sciences et technologie,Non,68.8
NS11533,SMP,73.0,81.0,66.0,51.0,60.0,3.0,Élevée,Informatique,Oui,66.2
NS12163,SMP,69.0,88.0,63.0,82.0,65.0,5.0,Très élevée,Informatique,Oui,73.4
NS10543,SMP,86.0,79.0,58.0,61.0,54.0,,Élevée,Informatique,Oui,67.6
NS12958,SVT,72.0,69.0,86.0,67.0,54.0,3.0,Très élevée,Santé et environnement,Non,69.6
NS11818,SVT,71.0,69.0,,69.0,69.0,4.0,Très élevée,Santé et environnement,Oui,70.8
NS11624,LLA,76.0,41.0,62.0,79.0,75.0,2.0,Très élevée,Arts et culture,Non,66.6
NS11177,SES,60.0,69.0,60.0,81.0,83.0,4.0,Très élevée,Sciences et technologie,Non,70.6
NS10679,SMP,75.0,79.0,85.0,59.0,69.0,5.0,Élevée,Sciences et technologie,Oui,73.4
NS12096,SVT,91.0,61.0,92.0,70.0,67.0,4.0,Élevée,Santé et environnement,Non,76.2
NS12029,SVT,65.0,82.0,82.0,68.0,53.0,3.0,Élevée,Sciences et technologie,Non,70.0
NS11659,SMP,83.0,80.0,65.0,49.0,58.0,5.0,,Sciences et technologie,Non,67.0
NS11637,SES,83.0,68.0,57.0,85.0,100.0,4.0,Très élevée,Économie et société,Non,78.6
NS10239,SVT,71.0,78.98345228044558,87.13783567577259,71.0,80.0,3.0,Moyenne,Santé et environnement,Oui,77.6
NS12124,SVT,67.0,63.0,83.0,65.0,86.0,4.0,,Santé et environnement,Non,72.8
NS12619,SES,63.0,55.0,55.0,68.0,100.0,3.0,Élevée,Économie et société,Non,68.2
NS12290,SVT,78.0,80.0,74.0,72.0,59.0,,Moyenne,Santé et environnement,Oui,72.6
NS10764,LLA,66.0,44.0,52.0,100.0,69.0,2.0,Très élevée,Arts et culture,Oui,66.2
NS11128,SES,76.0,58.0,76.0,80.0,82.0,4.0,Très élevée,Sciences et technologie,Oui,74.4
NS11885,SES,73.0,63.0,57.0,84.0,78.0,3.0,Moyenne,Économie et société,Oui,71.0
NS11116,SMP,79.0,98.0,62.0,66.0,68.0,5.0,Élevée,Sciences et technologie,Oui,74.6
NS11102,SVT,65.0,66.0,69.98658572994279,63.0,70.28975402334066,3.0,Élevée,Santé et environnement,Oui,66.9
NS12847,LLA,61.0,41.0,54.0,73.0,89.0,2.0,Élevée,Lettres et langues,Oui,63.6
NS12330,LLA,61.0,39.0,59.0,86.0,78.0,2.0,Élevée,Arts et culture,Oui,64.6
NS11361,SES,69.0,62.0,57.0,67.0,97.0,4.0,Très élevée,Économie et société,Non,70.4
NS12316,SVT,65.0,63.0,78.0,71.0,70.0,4.0,Très élevée,Santé et environnement,Oui,69.4
NS11407,SVT,66.0,62.0,80.0,80.0,77.0,3.0,Très élevée,Santé et environnement,Non,73.0
NS12529,SMP,91.0,78.0,92.0,75.0,62.0,4.0,Très élevée,Informatique,Non,79.6
NS10343,SES,73.0,58.0,59.0,74.0,71.0,2.0,Élevée,Économie et société,Oui,67.0
NS11105,SES,74.0,55.0,62.0,77.0,72.0,3.0,Très élevée,Économie et société,Oui,68.0
NS12592,LLA,57.0,58.0,47.0,94.0,74.0,2.0,Très élevée,Lettres et langues,Non,66.0
NS10557,SMP,86.0,62.0,56.0,63.0,72.0,4.0,Moyenne,Sciences et technologie,Oui,67.8
NS11475,SVT,64.0,77.0,90.0,67.0,69.0,3.0,Très élevée,Santé et environnement,Non,73.4
NS12703,SVT,77.0,81.0,76.0,77.0,66.0,4.0,Élevée,Santé et environnement,Non,75.4
NS10594,SMP,76.0,85.0,50.0,64.0,62.0,5.0,Très élevée,Sciences et technologie,Non,67.4
NS11557,SMP,87.0,,79.0,47.0,54.0,5.0,Élevée,Sciences et technologie,Oui,66.8
NS10411,LLA,62.0,69.0,58.0,81.0,61.0,2.0,Très élevée,Lettres et langues,Non,66.2
NS11055,SVT,64.0,70.0,73.0,55.0,57.0,3.0,Élevée,Santé et environnement,Non,63.8
NS12473,LLA,62.0,68.0,54.0,100.0,85.0,3.0,Très élevée,Arts et culture,,73.8
NS10108,SES,59.0,58.0,74.0,61.0,75.0,3.0,Élevée,Économie et société,Non,65.4
NS12025,SMP,73.0,85.0,62.0,70.0,78.0,4.0,Élevée,,Non,73.6
NS12706,LLA,63.0,,43.0,72.0,70.0,2.0,Très élevée,Arts et culture,Oui,61.4
NS10318,SMP,90.0,80.0,54.0,67.0,61.0,3.0,Très élevée,Sciences et technologie,Oui,70.4
NS12718,SMP,77.0,87.0,64.0,59.0,59.0,4.0,Élevée,Sciences et technologie,Oui,69.2
NS10840,SES,70.0,66.0,51.0,79.0,88.0,3.0,Très élevée,Sciences et technologie,Non,70.8
NS12957,SMP,88.0,74.0,80.0,53.0,63.0,5.0,Très élevée,Sciences et technologie,Oui,71.6
NS11351,SMP,81.24120551863015,58.65821399286332,73.0,56.0,48.0,,Très élevée,Sciences et technologie,Oui,63.4
NS12825,SES,90.0,65.0,66.0,77.0,84.0,2.0,Très élevée,Économie et société,Non,76.4
NS12366,SMP,100.0,86.0,69.0,48.0,59.0,5.0,Élevée,,Non,72.4
NS11882,SES,69.0,,53.0,78.0,85.0,4.0,Très élevée,Économie et société,Non,65.0
NS10680,SMP,63.0,86.0,59.0,73.0,66.0,5.0,Élevée,Sciences et technologie,Non,69.4
NS10729,SES,56.0,56.0,59.0,74.0,99.0,4.0,Très élevée,Économie et société,Non,68.8
NS10789,SVT,59.0,70.0,79.0,68.0,47.0,4.0,Très élevée,Santé et environnement,,64.6
NS11813,SES,78.0,74.0,59.0,76.0,80.0,4.0,Très élevée,Sciences et technologie,Non,73.4
NS11345,SVT,81.0,85.0,100.0,77.0,56.0,5.0,Très élevée,Santé et environnement,Non,79.8
NS11868,SVT,89.0,,73.0,67.0,59.0,4.0,Très élevée,Santé et environnement,Oui,73.2
NS12069,SVT,69.0,66.0,72.0,74.0,56.0,3.0,Élevée,Santé et environnement,Oui,67.4
NS10432,SMP,88.0,71.0,66.0,64.0,64.0,3.0,Élevée,Sciences et technologie,Non,70.6
NS10564,SVT,74.0,67.0,85.0,63.0,59.0,3.0,Élevée,Santé et environnement,Oui,69.6
NS11748,LLA,63.0,59.0,63.0,86.0,77.0,3.0,Très élevée,Lettres et langues,Non,69.6
NS11776,SES,69.0,41.0,69.0,71.0,66.0,4.0,Très élevée,Sciences et technologie,Non,63.2
NS10070,SES,58.0,70.0,56.16143714410393,75.0,62.36252689471463,4.0,Élevée,Économie et société,Non,64.3
NS11788,SVT,63.0,53.0,93.0,54.0,59.0,3.0,Très élevée,Santé et environnement,Non,64.4
NS11229,SMP,75.0,86.0,81.0,72.0,62.0,4.0,Élevée,,Non,75.2
NS11512,LLA,66.0,44.0,,89.0,77.0,1.0,Très élevée,Arts et culture,Non,63.4
NS10056,SES,74.0,38.460940753438045,,67.89803406645997,71.0,3.0,Élevée,Économie et société,Non,62.5
NS11601,SMP,83.0,85.0,54.0,74.0,58.0,5.0,Élevée,Sciences et technologie,Oui,70.8
NS10651,LLA,67.0,41.0,46.0,79.0,73.0,3.0,Très élevée,,Non,61.2
NS12176,SES,62.0,52.0,42.0,70.0,93.0,3.0,Élevée,Économie et société,Oui,63.8
NS10897,SES,62.0,50.0,61.18419101217943,84.0,70.07712621676042,4.0,Élevée,Sciences et technologie,Oui,65.5
NS10785,LLA,61.0,59.0,62.0,78.0,74.0,2.0,Très élevée,Arts et culture,Oui,66.8
NS10309,SMP,79.0,76.0,69.0,58.0,56.0,5.0,,Informatique,Non,67.6
NS12404,LLA,56.0,,58.0,100.0,93.0,2.0,Moyenne,Lettres et langues,Non,68.4
NS11741,SES,73.0,41.0,63.0,76.0,69.0,2.0,Élevée,Économie et société,Non,64.4
NS10907,LLA,45.0,62.0,58.0,85.0,78.0,2.0,Très élevée,Lettres et langues,Non,65.6
NS10602,SVT,72.0,66.0,77.0,80.0,60.0,3.0,Très élevée,Santé et environnement,Non,71.0
NS11178,SMP,89.0,69.0,88.0,62.0,70.0,4.0,Moyenne,Sciences et technologie,Oui,75.6
NS12297,SES,74.0,52.0,61.0,81.0,,3.0,Très élevée,Économie et société,Non,66.4
NS11745,LLA,,48.0,58.0,85.0,74.0,2.0,Très élevée,,Non,66.2
NS11161,SMP,71.90754012924828,68.0,68.16005866954112,79.0,61.0,5.0,Moyenne,Informatique,Oui,69.6
NS11509,SMP,60.0,78.0,90.0,65.0,62.0,3.0,Moyenne,Sciences et technologie,Non,71.0
NS12095,LLA,55.0,49.0,60.0,82.0,88.0,3.0,Très élevée,Arts et culture,Non,66.8
NS11577,SMP,98.57557075276372,58.0,52.0,69.0,76.09635056644426,4.0,Élevée,Sciences et technologie,Non,70.7
NS10572,SES,61.0,51.0,78.0,81.0,87.0,3.0,Très élevée,Sciences et technologie,Non,71.6
NS10554,SES,59.0,51.0,57.0,81.0,75.0,3.0,Très élevée,Économie et société,Oui,64.6
NS10945,SMP,84.0,75.0,62.0,74.0,59.0,4.0,Élevée,Sciences et technologie,Non,70.8
NS12996,SES,53.0,63.0,76.0,72.0,80.0,3.0,Élevée,Sciences et technologie,Oui,68.8
NS10874,SES,62.0,63.0,55.0,88.0,85.0,4.0,Très élevée,Sciences et technologie,Non,70.6
NS12994,SES,74.0,59.0,72.0,95.0,58.0,4.0,Très élevée,Économie et société,Oui,71.6
NS11569,SMP,85.0,80.0,55.0,75.0,58.0,4.0,Très élevée,Sciences et technologie,Oui,70.6
NS12668,SVT,74.0,73.0,,68.0,,,Élevée,Santé et environnement,Non,70.0
NS12627,SVT,65.0,70.0,86.0,84.0,63.0,3.0,Élevée,Santé et environnement,Oui,73.6
NS11553,SES,59.0,59.0,59.0,84.0,84.0,2.0,Très élevée,Économie et société,Non,69.0
NS10120,SES,61.0,68.0,67.0,83.0,75.0,4.0,Très élevée,Économie et société,Non,70.8
NS12659,SES,62.0,53.0,57.0,62.0,82.0,3.0,Élevée,Sciences et technologie,Oui,63.2
NS10809,LLA,63.0,56.0,61.0,75.0,81.0,2.0,Très élevée,Lettres et langues,Oui,67.2
NS12186,SES,74.0,45.0,69.0,71.0,86.0,3.0,Moyenne,Économie et société,Non,69.0
NS11618,LLA,54.0,46.0,69.0,90.0,72.0,2.0,Élevée,Lettres et langues,Non,66.2
NS10313,LLA,60.0,62.0,,98.0,,3.0,Élevée,Arts et culture,Non,68.4
NS11562,SMP,87.0,93.0,,79.0,56.0,,Élevée,Sciences et technologie,Oui,78.0
NS10233,SES,65.0,54.0,41.0,82.0,73.0,3.0,Très élevée,Économie et société,Non,63.0
NS10507,SMP,78.0,71.0,81.0,69.0,59.0,5.0,Élevée,Informatique,Non,71.6
NS11336,SVT,72.0,,92.0,76.0,47.0,4.0,Élevée,Santé et environnement,Oui,73.4
NS11385,LLA,42.06743406918923,57.0,48.0,77.12942216661435,94.0,3.0,Très élevée,Arts et culture,Non,63.6
NS10111,SVT,65.0,56.04453281839781,89.0,55.80275735995339,70.0,4.0,Très élevée,Santé et environnement,Non,67.2
NS11578,SVT,71.0,76.0,93.0,67.0,71.0,4.0,Moyenne,Sciences et technologie,Oui,75.6
NS10410,SMP,81.0,78.0,57.0,71.0,56.0,5.0,Élevée,Sciences et technologie,Oui,68.6
NS10218,SES,63.0,59.0,66.0,66.0,73.0,3.0,Élevée,Économie et société,Oui,65.4
NS12114,LLA,66.0,32.0,65.0,85.0,74.0,2.0,Très élevée,Lettres et langues,Non,64.4
NS11307,SMP,73.0,66.0,67.0,64.0,37.0,2.0,Élevée,Sciences et technologie,Oui,61.4
NS11080,LLA,63.0,48.0,61.0,76.0,82.0,3.0,Très élevée,Lettres et langues,,66.0
NS10759,SES,63.0,48.3243464963269,67.0,88.0,62.99272970355732,5.0,Élevée,Économie et société,Non,65.9
NS10911,SMP,85.0,83.0,59.0,70.0,52.0,5.0,Élevée,Sciences et technologie,Oui,69.8
NS10807,LLA,60.0,56.0,68.0,69.0,80.0,3.0,Très élevée,Arts et culture,Non,66.6
NS10439,SVT,53.0,75.0,76.0,63.0,64.0,2.0,Élevée,Santé et environnement,Oui,66.2
NS10544,LLA,64.0,53.0,52.0,90.0,67.0,3.0,Très élevée,,Non,65.2
NS10485,LLA,51.0,48.0,43.0,80.0,82.0,1.0,Très élevée,Lettres et langues,Oui,60.8
NS12475,SES,78.0,42.0,42.0,66.0,76.0,4.0,Très élevée,Économie et société,Non,60.8
NS10387,LLA,60.0,61.0,64.0,83.0,80.0,2.0,Très élevée,Arts et culture,Non,69.6
NS12916,LLA,54.0,51.0,58.0,100.0,84.0,2.0,Très élevée,Lettres et langues,Oui,69.4
NS11192,SES,81.0,53.0,58.0,63.0,85.0,3.0,Très élevée,Sciences et technologie,Oui,68.0
NS11230,SES,66.0,45.0,50.0,74.0,77.0,4.0,Très élevée,Économie et société,Oui,62.4
NS11210,LLA,62.0,,37.0,84.0,72.0,,Très élevée,Arts et culture,Non,59.6
NS11273,SVT,64.0,58.0,79.0,79.0,65.0,4.0,Très élevée,Santé et environnement,Oui,69.0
NS11939,SES,65.0,63.0,60.0,82.0,65.0,2.0,Très élevée,Économie et société,Non,67.0
NS12303,LLA,63.0,48.0,58.0,92.0,67.0,2.0,Élevée,Lettres et langues,Non,65.6
NS10930,SVT,78.0,65.0,90.0,78.0,81.0,1.0,Moyenne,Santé et environnement,Non,78.4
NS10135,SES,85.0,59.0,58.0,74.0,88.0,2.0,Très élevée,Économie et société,Non,72.8
NS11780,SMP,97.0,67.0,60.0,81.0,51.0,5.0,Élevée,Informatique,Non,71.2
NS12167,SMP,79.0,84.0,73.0,69.0,57.0,4.0,Élevée,Sciences et technologie,Oui,72.4
NS11497,SVT,80.0,76.0,67.0,69.0,69.0,4.0,Très élevée,Santé et environnement,Non,72.2
NS12256,SMP,79.0,79.0,80.0,60.0,61.0,4.0,Moyenne,Sciences et technologie,Oui,71.8
NS10366,LLA,63.0,36.0,57.0,88.0,73.0,2.0,Très élevée,Arts et culture,Non,63.4
NS12024,SES,68.0,62.0,56.0,66.0,77.0,3.0,Moyenne,Économie et société,Non,65.8
NS12897,SES,60.0,64.0,71.0,76.0,74.0,3.0,Élevée,Sciences et technologie,Oui,69.0
NS10029,SVT,82.0,67.0,83.0,76.0,82.0,2.0,,Santé et environnement,Non,78.0
NS12501,SMP,79.0,85.0,59.0,73.0,55.0,5.0,Élevée,Informatique,,70.2
NS12968,SES,63.0,,72.0,82.0,,3.0,Élevée,Économie et société,Non,69.0
NS11047,SMP,76.0,74.0,80.0,68.0,45.0,5.0,Moyenne,Sciences et technologie,Oui,68.6
NS12887,LLA,71.0,47.0,50.0,87.0,77.0,3.0,Élevée,Arts et culture,Non,66.4
NS11421,SVT,69.0,73.0,83.0,62.0,76.0,3.0,Très élevée,Santé et environnement,Oui,72.6
NS11488,SES,72.0,68.0,66.0,56.0,82.0,2.0,Très élevée,Économie et société,Non,68.8
NS10183,LLA,61.0,57.0,46.0,81.0,79.0,2.0,Élevée,Arts et culture,Non,64.8
NS11134,LLA,73.0,45.0,52.0,76.0,87.0,1.0,Très élevée,Lettres et langues,Oui,66.6
NS10188,SES,68.0,44.0,43.0,89.0,81.0,3.0,Élevée,Sciences et technologie,Non,65.0
NS10420,SMP,83.0,89.0,54.0,64.0,65.0,4.0,Très élevée,Sciences et technologie,Non,71.0
NS10170,SMP,77.0,87.0,51.0,59.0,74.0,,Élevée,Sciences et technologie,,69.6
NS11377,SES,50.0,61.0,66.10553163375704,88.0,87.60825761271896,2.0,Très élevée,Économie et société,Non,70.5
NS10460,LLA,69.0,45.0,68.0,73.0,78.0,3.0,Élevée,Lettres et langues,Oui,66.6
NS10043,SES,64.0,59.0,70.0,73.0,66.0,3.0,Élevée,Économie et société,Non,66.4
NS10087,SES,59.0,54.0,69.0,,90.0,5.0,Élevée,Économie et société,Non,71.2
NS11322,SMP,85.0,90.0,65.0,72.0,68.0,4.0,Élevée,Informatique,Oui,76.0
NS11740,LLA,62.0,61.0,59.0,77.0,87.0,3.0,Très élevée,Lettres et langues,Non,69.2
NS10705,SMP,86.0,96.0,72.0,66.0,62.0,4.0,Élevée,Sciences et technologie,Oui,76.4
NS10903,SVT,61.0,56.91221251574814,93.0,57.0,91.8179939632472,4.0,Très élevée,Sciences et technologie,Oui,71.9
NS10282,SMP,75.0,68.0,97.0,65.0,45.0,4.0,Élevée,Informatique,Oui,70.0
NS12458,SVT,60.0,80.0,76.0,59.0,65.0,3.0,Élevée,Sciences et technologie,Non,68.0
NS10693,SVT,67.0,83.0,74.0,58.0,60.0,4.0,Moyenne,Santé et environnement,Oui,68.4
NS12089,SES,63.0,55.0,56.0,77.0,68.0,4.0,Élevée,Économie et société,Oui,63.8
NS12066,LLA,51.0,56.0,53.0,,83.0,3.0,Élevée,Lettres et langues,Oui,67.2
NS10257,LLA,67.0,42.0,65.0,76.0,77.0,3.0,Très élevée,Lettres et langues,Non,65.4
NS12644,SES,52.0,59.0,44.0,74.0,88.0,2.0,Moyenne,Économie et société,Non,63.4
NS12594,SES,53.0,51.0,49.0,83.0,71.0,4.0,Très élevée,Économie et société,Non,61.4
NS12442,LLA,50.0,61.0,69.0,80.0,90.0,3.0,Très élevée,Lettres et langues,Non,70.0
NS12883,SES,66.0,39.0,69.0,68.0,78.0,3.0,Très élevée,Économie et société,Non,64.0
NS11216,SMP,81.0,74.0,56.0,67.0,62.0,3.0,Très élevée,Sciences et technologie,Oui,68.0
NS11041,SES,48.0,64.0,72.0,77.0,78.0,4.0,Élevée,Économie et société,Oui,67.8
NS12453,SVT,71.0,53.0,92.0,74.0,51.0,4.0,Très élevée,Santé et environnement,Oui,68.2
NS10149,SMP,74.0,82.0,65.0,62.0,59.0,5.0,Élevée,Sciences et technologie,Oui,68.4
NS11736,SVT,70.0,63.0,72.0,75.0,65.0,4.0,Très élevée,Sciences et technologie,Non,69.0
NS12358,LLA,54.0,43.0,46.0,74.0,65.0,3.0,Très élevée,Lettres et langues,Non,56.4
NS12392,LLA,63.0,66.0,58.0,89.0,74.0,3.0,Élevée,Lettres et langues,Non,70.0
NS12441,SES,70.0,74.0,68.0,84.0,86.0,3.0,Élevée,Sciences et technologie,Oui,76.4
NS12112,LLA,49.0,54.0,77.19482916757741,79.0,92.8699874097943,3.0,Très élevée,Lettres et langues,Oui,70.4
NS12417,SVT,66.0,68.0,100.0,60.0,,3.0,Très élevée,Santé et environnement,Oui,74.4
NS10134,SMP,71.0,87.0,69.0,77.0,59.0,4.0,Élevée,Sciences et technologie,,72.6
NS12930,LLA,47.0,59.0,65.0,82.0,77.0,3.0,Élevée,Arts et culture,Non,66.0
NS10831,SVT,79.0,62.0,84.0,52.0,64.0,3.0,Très élevée,Santé et environnement,Oui,68.2
NS11800,SES,62.0,42.0,66.0,69.0,76.0,4.0,Très élevée,Sciences et technologie,Oui,63.0
NS12929,SMP,77.48143836053983,,72.76572665916432,47.0,50.0,4.0,Moyenne,Sciences et technologie,Oui,66.8
NS12988,SES,72.0,49.0,53.0,79.0,82.0,3.0,Élevée,Sciences et technologie,Oui,67.0
NS11898,LLA,66.0,54.0,56.0,86.0,70.0,4.0,Élevée,Lettres et langues,Non,66.4
NS10864,SES,58.0,,62.0,87.0,95.0,2.0,Élevée,Économie et société,Oui,73.4
NS10528,SVT,,64.0,92.0,70.0,84.0,3.0,Très élevée,Santé et environnement,Non,77.6
NS12219,SMP,76.0,72.0,80.0,64.0,70.0,5.0,Élevée,Sciences et technologie,Non,72.4
NS10430,SES,66.0,67.0,65.0,78.0,51.0,4.0,Élevée,Sciences et technologie,Non,65.4
NS12743,SVT,71.0,69.0,79.0,62.0,68.0,2.0,Élevée,Santé et environnement,Non,69.8
NS11744,SMP,75.0,85.0,58.0,77.0,50.0,4.0,Élevée,Informatique,Non,69.0
NS10610,LLA,64.0,58.0,73.0,96.0,86.0,2.0,Élevée,Arts et culture,Oui,75.4
NS10949,SMP,100.0,87.0,62.0,62.0,53.0,3.0,Élevée,Sciences et technologie,Oui,72.8
NS12811,LLA,49.0,48.0,63.0,81.0,76.0,2.0,Très élevée,Lettres et langues,Non,63.4
NS10221,SVT,58.0,68.0,80.0,94.0,65.0,2.0,Très élevée,Santé et environnement,Oui,73.0
NS11915,LLA,72.0,55.0,,82.0,61.0,3.0,Élevée,Lettres et langues,Non,66.0
NS12411,SES,61.0,61.0,59.0,72.0,92.0,3.0,Élevée,Économie et société,Non,69.0
NS11036,SMP,70.0,74.0,61.0,52.0,49.0,5.0,Élevée,Sciences et technologie,Oui,61.2
NS12645,SVT,65.0,62.0,75.0,,62.0,4.0,Très élevée,Santé et environnement,Non,69.8
NS10932,SMP,80.0,80.0,78.0,73.0,57.0,5.0,Très élevée,Sciences et technologie,Oui,73.6
NS12555,SMP,81.0,67.0,77.0,73.0,74.0,4.0,Élevée,Informatique,Oui,74.4
NS10173,LLA,72.0,63.0,42.0,86.0,58.0,3.0,Élevée,Arts et culture,Non,64.2
NS10565,SVT,82.0,75.0,91.0,84.0,61.0,4.0,Élevée,Santé et environnement,Non,78.6
NS11960,LLA,44.0,42.0,65.0,100.0,77.0,2.0,Très élevée,Arts et culture,Non,65.6
NS10812,LLA,51.0,37.0,38.0,73.0,65.0,3.0,Très élevée,Arts et culture,Oui,52.8
NS12687,LLA,68.0,52.0,68.0,87.0,78.0,3.0,Très élevée,Lettres et langues,Non,70.6
NS10958,SMP,82.0,73.0,83.0,64.0,68.0,5.0,Élevée,Informatique,Non,74.0
NS10527,LLA,56.0,54.0,52.0,85.0,87.0,2.0,Moyenne,Lettres et langues,Non,66.8
NS11413,SVT,83.0,64.0,90.0,82.0,58.0,3.0,Très élevée,,Oui,75.4
NS11611,SES,84.0,52.0,55.0,81.0,73.0,3.0,Très élevée,Économie et société,Non,69.0
NS10272,LLA,38.0,44.0,50.0,85.0,78.0,2.0,Élevée,Arts et culture,Oui,59.0
NS10926,SMP,78.41867274912262,65.0,58.0,70.0,60.70374625931452,4.0,Très élevée,Sciences et technologie,Oui,66.4
NS11739,SVT,79.0,68.0,96.0,56.0,57.0,4.0,Élevée,Santé et environnement,Non,71.2
NS10847,SVT,66.0,65.0,100.0,78.0,72.0,3.0,Très élevée,Sciences et technologie,Non,76.2
NS10952,SVT,77.0,63.0,91.0,56.0,52.0,3.0,Très élevée,Sciences et technologie,Oui,67.8
NS11620,SVT,74.0,79.0,83.0,47.0,49.0,5.0,Élevée,Santé et environnement,Non,66.4
NS12999,LLA,53.0,68.0,52.0,80.0,72.0,4.0,Élevée,Lettres et langues,Oui,65.0
NS12315,LLA,56.62087836035044,33.63977881228921,63.0,79.0,94.0,4.0,Très élevée,Arts et culture,Oui,65.3
NS11912,SES,57.0,56.0,77.0,68.0,79.0,3.0,Élevée,Économie et société,Non,67.4
NS12593,SMP,93.0,67.0,69.0,63.0,54.0,4.0,Très élevée,Informatique,Non,69.2
NS12031,SVT,69.0,75.0,74.0,,63.0,3.0,Élevée,Santé et environnement,Non,67.4
NS11100,SES,72.0,52.0,70.0,79.0,80.0,4.0,Très élevée,Économie et société,Oui,70.6
NS11292,SVT,91.0,73.0,89.0,67.0,75.0,3.0,Élevée,Santé et environnement,Oui,79.0
NS12875,SVT,59.0,64.0,88.0,68.0,75.0,,Élevée,Santé et environnement,Non,70.8
NS10168,SMP,93.0,,73.0,66.0,44.0,4.0,Élevée,Sciences et technologie,Oui,71.4
NS12376,SVT,75.0,74.0,83.0,59.0,66.0,3.0,Élevée,Santé et environnement,Oui,71.4
NS11467,SMP,93.0,87.0,81.0,59.0,50.0,5.0,Élevée,Sciences et technologie,Oui,74.0
NS12766,SMP,78.0,76.0,67.0,63.0,51.0,3.0,Moyenne,Informatique,Oui,67.0
NS11398,SES,70.0,64.0,53.0,91.68707592069394,71.13288037396482,2.0,Très élevée,Sciences et technologie,Oui,70.0
NS11228,SES,70.0,58.0,67.0,81.0,,5.0,Très élevée,Économie et société,Non,70.6
NS12234,SMP,77.0,77.0,52.0,57.0,64.0,5.0,Élevée,Informatique,Oui,65.4
NS11738,SMP,55.0,76.0,72.0,70.0,49.0,4.0,Moyenne,Informatique,Non,64.4
NS10367,SMP,78.0,73.0,71.0,69.0,54.0,5.0,Élevée,Sciences et technologie,Oui,69.0
NS12275,SES,,67.0,63.0,81.0,78.0,3.0,Élevée,Économie et société,Oui,72.2
NS10867,SMP,73.0,74.0,70.0,60.0,57.0,4.0,Très élevée,Sciences et technologie,Oui,66.8
NS11302,LLA,62.0,61.0,65.0,83.0,86.0,2.0,Élevée,Lettres et langues,Oui,71.4
NS10351,SES,60.0,71.0,70.0,66.0,79.0,3.0,Élevée,Économie et société,Non,69.2
NS12394,SES,81.0,50.0,75.0,74.0,82.0,3.0,Très élevée,Économie et société,Non,72.4
NS12503,SMP,93.0,63.0,80.0,64.0,62.0,4.0,Très élevée,Sciences et technologie,Oui,72.4
NS10979,SES,70.0,51.0,57.0,73.0,90.0,3.0,Élevée,,Oui,68.2
NS11847,SMP,81.0,80.0,56.0,83.0,69.0,4.0,Moyenne,Informatique,Non,73.8
NS12370,SES,69.0,51.0,49.0,63.0,78.0,3.0,Moyenne,Économie et société,Oui,62.0
NS10498,SMP,81.0,74.0,54.0,66.0,67.0,4.0,Très élevée,Sciences et technologie,Oui,68.4
NS11628,LLA,47.0,68.0,80.0,84.0,80.0,2.0,Élevée,Lettres et langues,Oui,71.8
NS10210,SMP,84.0,74.0,61.0,68.0,59.0,5.0,Moyenne,Sciences et technologie,Oui,69.2
NS12470,SVT,57.0,70.0,66.0,68.0,58.0,4.0,Élevée,Santé et environnement,Non,63.8
NS10601,SES,72.0,64.0,65.0,68.0,87.0,3.0,Très élevée,Économie et société,Oui,71.2
NS10227,LLA,61.0,53.0,63.0,67.0,76.0,2.0,Très élevée,Lettres et langues,Non,64.0
NS10365,SVT,68.0,66.0,91.0,72.0,,4.0,Très élevée,Santé et environnement,Oui,75.8
NS10581,SMP,83.0,83.0,65.0,65.0,62.0,4.0,Très élevée,Informatique,Non,71.6
NS12855,SVT,82.0,67.0,76.0,65.0,71.0,5.0,Élevée,Santé et environnement,Oui,72.2
NS12178,SVT,,69.0,87.0,76.0,53.91345255184304,3.0,Élevée,Sciences et technologie,Oui,72.0
NS12018,SES,60.0,64.0,59.0,62.0,62.0,5.0,Très élevée,Économie et société,Non,61.4
NS10859,SVT,86.0,69.0,86.0,79.0,74.0,4.0,Moyenne,Santé et environnement,Oui,78.8
NS10407,SES,55.0,61.0,73.0,90.0,100.0,3.0,Très élevée,Économie et société,Oui,75.8
NS11920,LLA,65.0,57.0,59.0,93.0,83.0,2.0,Très élevée,Lettres et langues,,71.4
NS11613,LLA,51.0,67.0,45.0,87.0,71.0,2.0,Très élevée,Lettres et langues,Non,64.2
NS10678,SMP,88.0,70.0,56.0,70.0,67.0,4.0,Moyenne,Sciences et technologie,Oui,70.2
NS11264,SMP,79.0,86.0,63.0,81.0,51.0,5.0,Moyenne,Informatique,Non,72.0
NS12407,LLA,60.0,49.0,84.0,80.0,66.0,3.0,Très élevée,Lettres et langues,Non,67.8
NS10691,SES,63.0,71.0,69.0,72.0,72.0,2.0,Moyenne,Sciences et technologie,Oui,69.4
NS10007,SMP,72.0,76.0,66.0,76.0,64.0,4.0,Très élevée,Sciences et technologie,Oui,70.8
NS12867,SMP,57.39609620053909,90.0,58.31291452756943,64.0,46.0,5.0,Élevée,Informatique,Non,63.1
NS11204,SMP,94.0,88.0,75.0,64.0,46.0,,Très élevée,Informatique,Non,73.4
NS12233,LLA,59.0,30.0,46.0,80.0,67.0,2.0,Très élevée,Lettres et langues,Oui,56.4
NS10415,SMP,87.0,70.0,62.40019408777293,55.486433468360666,48.0,3.0,Élevée,Sciences et technologie,Oui,64.6
NS10670,LLA,46.0,,58.0,68.0,76.0,2.0,Très élevée,Lettres et langues,Non,59.0
NS10810,SVT,83.0,58.0,79.0,62.0,75.0,5.0,Élevée,Sciences et technologie,Non,71.4
NS11089,SES,71.0,66.0,73.0,73.0,89.0,3.0,Élevée,Économie et société,Non,74.4
NS10199,SVT,80.0,77.0,89.0,84.0,74.0,3.0,Très élevée,Sciences et technologie,Non,80.8
NS10283,SES,60.0,59.0,51.0,77.0,76.0,4.0,Élevée,Sciences et technologie,Non,64.6
NS10231,SMP,76.0,,76.0,66.0,74.0,4.0,Élevée,Sciences et technologie,Oui,75.6
NS12730,SMP,83.0,92.0,62.0,72.0,51.0,5.0,Très élevée,Sciences et technologie,Oui,72.0
NS12861,SVT,83.0,78.0,83.0,75.0,60.0,4.0,Très élevée,Santé et environnement,Oui,75.8
NS10096,SES,57.0,43.03765647240992,72.0,73.0,100.0,4.0,Très élevée,Économie et société,Non,69.0
NS11587,SVT,62.0,51.0,90.0,58.0,63.0,4.0,Très élevée,Sciences et technologie,Oui,64.8
NS12569,LLA,65.0,58.0,42.0,83.0,,3.0,Très élevée,Lettres et langues,Non,64.4
NS11606,SVT,87.0,60.0,85.0,72.0,84.0,4.0,Élevée,Sciences et technologie,Non,77.6
NS10676,SVT,73.0,64.0,88.0,61.0,58.0,3.0,Moyenne,Sciences et technologie,Non,68.8
NS11860,SMP,91.0,84.0,57.0,55.0,63.0,4.0,Élevée,Informatique,Oui,70.0
NS12781,LLA,49.0,50.0,53.0,86.0,80.0,2.0,Moyenne,Arts et culture,,63.6
NS12863,SES,71.0,69.0,68.0,75.0,82.0,,Très élevée,Économie et société,Non,73.0
NS12587,LLA,56.0,55.0,48.0,81.0,78.0,2.0,Très élevée,Arts et culture,Oui,63.6
NS11399,LLA,64.0,52.0,58.0,82.0,85.0,,Très élevée,Arts et culture,Non,68.2
NS11370,LLA,40.0,56.0,60.0,87.0,82.0,3.0,Très élevée,Arts et culture,Non,65.0
NS10104,LLA,63.0,35.53608342047465,42.0,91.0,97.64609513845164,,Élevée,Arts et culture,Oui,65.8
NS12087,SES,67.0,57.750584011238914,54.0,69.0,84.87991657399255,3.0,Élevée,Sciences et technologie,Oui,66.5
NS10599,SMP,79.0,81.0,74.0,71.0,73.0,,Très élevée,Sciences et technologie,Oui,75.6
NS11756,LLA,60.1760636965489,67.0,37.39308854717245,88.0,80.0,1.0,Très élevée,Lettres et langues,Non,66.5
NS11323,SES,65.0,59.0,64.0,55.0,86.0,4.0,Élevée,Sciences et technologie,Non,65.8
NS10642,SMP,91.0,80.0,67.0,,64.0,4.0,Très élevée,Sciences et technologie,Oui,73.8
NS10700,SVT,77.0,70.0,71.0,79.0,68.0,5.0,Très élevée,Santé et environnement,Non,73.0
NS10226,SES,51.0,68.0,75.0,68.0,82.0,3.0,Élevée,Sciences et technologie,Non,68.8
NS11697,SES,73.0,60.0,60.0,71.0,73.0,2.0,Élevée,Sciences et technologie,Non,67.4
NS11010,SES,79.0,51.0,57.0,97.0,78.0,4.0,Élevée,Économie et société,Non,72.4
NS11572,SMP,80.0,85.0,62.0,64.0,50.0,5.0,Faible,Sciences et technologie,Oui,68.2
NS10776,SES,67.0,39.0,68.0,67.0,78.0,3.0,Très élevée,Économie et société,Non,63.8
NS11730,SMP,91.0,80.0,,64.0,55.0,5.0,Élevée,Informatique,Non,72.6
NS12826,SVT,60.0,70.0,95.0,72.0,75.0,3.0,Élevée,Santé et environnement,Oui,74.4
NS12228,SVT,64.0,67.0,,71.0,73.0,5.0,Moyenne,Santé et environnement,Oui,75.0
NS12794,SMP,69.0,79.0,68.0,62.0,70.0,4.0,Moyenne,Sciences et technologie,Oui,69.6
NS10464,SMP,70.0,66.0,75.0,64.0,62.0,5.0,Élevée,Sciences et technologie,Oui,67.4
NS12651,SMP,85.0,88.0,84.0,70.0,56.0,3.0,Très élevée,Sciences et technologie,Oui,76.6
NS11093,SVT,60.0,68.0,86.0,66.0,64.0,4.0,Élevée,Santé et environnement,Oui,68.8
NS11271,SMP,,88.0,68.0,64.0,36.0,4.0,,Informatique,Oui,67.0
NS12923,SES,62.0,41.0,53.0,63.0,63.0,4.0,Élevée,Sciences et technologie,Non,56.4
NS11580,SES,62.0,49.0,61.0,83.0,88.0,4.0,Moyenne,Économie et société,Oui,68.6
NS11207,SES,60.0,64.0,77.0,76.0,78.0,3.0,Élevée,Économie et société,Oui,71.0
NS10212,SMP,87.76538695437611,83.0,55.0,65.0,51.10376832659233,4.0,Élevée,Sciences et technologie,,68.4
NS10012,SES,68.0,53.0,60.0,,92.0,3.0,Très élevée,Économie et société,Non,71.6
NS12972,SVT,79.0,63.0,84.0,60.0,70.0,4.0,Élevée,Santé et environnement,Oui,71.2
NS10422,SES,66.29267616058587,54.0,55.96139439203544,82.0,92.0,,Élevée,Sciences et technologie,Oui,70.1
NS11688,SMP,78.0,87.0,67.0,70.0,59.0,4.0,Élevée,Informatique,Non,72.2
NS11779,SMP,77.0,100.0,56.0,70.0,53.0,4.0,Élevée,Informatique,Oui,71.2
NS12639,LLA,59.0,53.0,64.0,81.0,69.0,3.0,Élevée,Arts et culture,Oui,65.2
NS12319,LLA,56.0,60.0,45.0,93.0,76.0,4.0,Très élevée,Lettres et langues,Non,66.0
NS10637,SES,60.0,,43.0,75.0,79.0,4.0,Très élevée,Sciences et technologie,Non,64.4
NS11278,SMP,88.0,80.0,62.0,77.0,75.0,3.0,,Sciences et technologie,Oui,76.4
NS11640,SVT,73.0,77.0,80.0,60.0,,4.0,Élevée,Sciences et technologie,Non,68.2
NS10509,LLA,49.0,64.0,41.0,94.0,88.0,2.0,Moyenne,Lettres et langues,Oui,67.2
NS10597,SVT,62.0,,88.0,59.0,39.0,3.0,Moyenne,Santé et environnement,Oui,59.4
NS12712,LLA,63.0,58.0,69.0,99.0,88.0,3.0,Très élevée,Lettres et langues,Oui,75.4
NS12634,SVT,68.0,62.0,87.0,74.0,69.0,3.0,Très élevée,Santé et environnement,Non,72.0
NS12364,SMP,78.0,79.0,74.0,67.0,73.0,5.0,Moyenne,Sciences et technologie,Oui,74.2
NS12643,SMP,66.0,73.0,72.0,83.0,49.0,4.0,Élevée,Informatique,Oui,68.6
NS10518,SES,57.0,73.0,64.0,64.0,86.0,2.0,Moyenne,Économie et société,Oui,68.8
NS12793,SES,72.0,48.0,62.0,67.0,71.0,4.0,Très élevée,Économie et société,Oui,64.0
NS10573,SES,63.0,49.0,70.0,76.0,85.0,3.0,Très élevée,Économie et société,Non,68.6
NS12725,LLA,65.0,47.0,,90.0,77.0,3.0,Élevée,Lettres et langues,Non,68.6
NS11097,SMP,75.0,83.0,67.0,52.0,63.0,3.0,Moyenne,Informatique,Non,68.0
NS11947,SMP,83.0,66.0,75.0,66.0,42.0,3.0,Élevée,Informatique,Oui,66.4
NS11448,LLA,67.0,65.0,,72.0,77.0,4.0,Élevée,Arts et culture,Oui,68.4
NS11584,LLA,44.0,48.0,60.15802885293613,86.0,70.38849373483,2.0,Élevée,Lettres et langues,Oui,61.7
NS12596,SVT,75.0,60.0,84.0,70.0,,3.0,Élevée,Sciences et technologie,Oui,72.8
NS10964,LLA,53.0,50.0,60.0,80.0,76.0,2.0,Très élevée,Arts et culture,Non,63.8
NS11018,SES,70.0,67.0,61.0,66.0,97.0,3.0,Élevée,Économie et société,Oui,72.2
NS12908,SES,,50.0,54.0,76.0,100.0,3.0,Très élevée,Économie et société,Oui,72.8
NS10358,SVT,75.0,71.0,90.0,68.0,59.0,4.0,Élevée,Santé et environnement,Non,72.6
NS10736,SVT,83.0,88.0,95.0,91.0,59.0,3.0,Élevée,Santé et environnement,Non,83.2
NS11784,SMP,100.0,90.0,54.0,65.0,67.0,5.0,Moyenne,Sciences et technologie,Oui,75.2
NS11608,SMP,86.0,77.0,50.0,84.0,59.0,3.0,Élevée,Informatique,Oui,71.2
NS10259,SES,69.0,57.0,67.0,74.0,,4.0,Très élevée,Sciences et technologie,Non,68.8
NS12771,LLA,64.0,55.0,45.0,88.0,81.0,3.0,Très élevée,Lettres et langues,Non,66.6
NS12642,SES,72.0,55.0,37.0,62.0,91.0,3.0,Élevée,Économie et société,Oui,63.4
NS12742,SES,75.0,47.0,64.0,69.0,,3.0,Très élevée,Économie et société,Non,68.8
NS12383,LLA,48.0,53.0,68.0,77.0,63.0,3.0,,Lettres et langues,Oui,61.8
NS11029,SES,58.0,48.0,62.0,74.0,74.0,4.0,Très élevée,Économie et société,Non,63.2
NS12408,LLA,81.14725610579983,55.0,49.0,75.18989051697099,82.0,2.0,Élevée,Lettres et langues,Non,68.5
NS10969,SVT,73.0,86.0,90.0,,69.0,3.0,Très élevée,Santé et environnement,Non,75.4
NS12990,SVT,84.0,62.0,79.0,69.0,73.0,2.0,Élevée,Santé et environnement,Non,73.4
NS10819,LLA,59.0,49.0,,72.0,80.0,3.0,Moyenne,Lettres et langues,,61.6
NS12716,LLA,45.0,58.0,61.0,85.0,69.0,3.0,Élevée,Lettres et langues,Oui,63.6
NS12325,SES,82.0,60.0,67.0,64.0,81.0,4.0,Moyenne,Sciences et technologie,Oui,70.8
NS10456,LLA,63.0,62.0,59.0,90.0,58.0,3.0,Élevée,Lettres et langues,Non,66.4
NS10462,LLA,58.0,62.0,59.0,90.0,84.0,3.0,Très élevée,Lettres et langues,Non,70.6
NS12344,LLA,57.0,74.0,62.0,84.0,80.0,2.0,Très élevée,Arts et culture,Oui,71.4
NS12688,SES,,60.0,51.0,81.0,87.0,2.0,,Économie et société,Non,68.8
NS10381,SES,55.0,50.0,67.0,81.0,67.0,4.0,,Sciences et technologie,Oui,64.0
NS11891,SMP,79.0,68.0,,69.65721462432215,75.95466053831095,4.0,Élevée,Informatique,Non,71.9
NS11832,SVT,45.0,73.0,52.0,65.0,74.0,3.0,Élevée,Sciences et technologie,Oui,61.8
NS12308,SVT,75.0,79.0,90.0,61.0,61.0,4.0,Élevée,Sciences et technologie,Non,73.2
NS11506,LLA,61.0,,51.0,89.0,63.0,3.0,Élevée,Lettres et langues,Non,61.8
NS10805,SVT,70.0,67.0,84.0,65.0,63.0,3.0,Très élevée,Sciences et technologie,Oui,69.8
NS12438,SMP,84.0,87.0,81.0,74.0,62.0,4.0,,Sciences et technologie,Oui,77.6
NS10756,LLA,65.0,55.0,61.0,69.0,70.0,,Très élevée,Lettres et langues,Non,64.0
NS12515,SVT,63.0,68.0,85.0,72.0,80.0,,Très élevée,Santé et environnement,Oui,73.6
NS11253,SES,64.0,54.0,63.0,83.0,70.0,3.0,Très élevée,Sciences et technologie,Non,66.8
NS10869,SES,69.0,45.0,63.0,60.0,63.0,2.0,Très élevée,Sciences et technologie,Non,60.0
NS12064,LLA,57.0,53.0,62.0,87.0,80.0,2.0,Élevée,Lettres et langues,Non,67.8
NS11410,SMP,90.0,94.0,64.0,72.0,69.0,4.0,Très élevée,Sciences et technologie,Oui,77.8
NS12360,SMP,72.0,87.0,58.0,58.0,66.0,5.0,Très élevée,Sciences et technologie,Oui,68.2
NS12287,SVT,65.0,62.0,77.0,56.0,83.0,4.0,Très élevée,Santé et environnement,Oui,68.6
NS12858,SMP,76.0,81.0,75.0,67.0,55.0,3.0,Élevée,Sciences et technologie,Oui,70.8
NS11173,SVT,96.0,66.0,91.0,74.0,71.0,3.0,Élevée,Santé et environnement,Oui,79.6
NS10542,LLA,66.0,57.0,57.0,82.0,76.0,3.0,Très élevée,Lettres et langues,Oui,67.6
NS12104,SMP,87.0,84.0,68.0,67.0,67.0,4.0,Élevée,Informatique,Oui,74.6
NS11255,LLA,48.0,45.0,55.0,83.0,70.0,2.0,Très élevée,Lettres et langues,Non,60.2
NS11766,SMP,72.0,80.0,80.0,72.0,71.0,4.0,Élevée,Sciences et technologie,Oui,75.0
NS11765,LLA,68.0,49.0,53.0,91.0,71.0,3.0,Très élevée,Lettres et langues,Oui,66.4
NS11289,SMP,82.0,78.0,67.0,80.0,66.0,5.0,Élevée,Sciences et technologie,Oui,74.6
NS12421,SMP,81.0,70.0,,75.0,69.0,4.0,Élevée,Informatique,Oui,71.4
NS12527,SMP,87.0,75.63848868483646,69.34109411517886,69.0,64.0,5.0,Élevée,Sciences et technologie,Oui,73.0
NS11343,SVT,77.0,66.0,92.0,63.0,62.0,4.0,Très élevée,Sciences et technologie,Non,72.0
NS11525,SES,96.0,48.0,58.0,79.0,91.0,3.0,Moyenne,Sciences et technologie,Oui,74.4
NS12894,SVT,,55.0,59.0,61.0,71.0,3.0,Élevée,Sciences et technologie,Oui,65.4
NS12686,LLA,45.0,44.0,51.0,81.0,76.0,2.0,Très élevée,Lettres et langues,Non,59.4
NS12194,SVT,,72.0,89.0,80.0,83.0,3.0,Très élevée,Sciences et technologie,Oui,81.6
NS12420,SES,80.0,44.0,70.0,71.0,90.0,3.0,Très élevée,Économie et société,,71.0
NS11677,SES,71.0,54.0,69.0,74.0,76.0,3.0,Très élevée,,Non,68.8
NS11286,SES,49.0,47.0,68.0,74.0,87.0,3.0,Élevée,Sciences et technologie,Oui,65.0
NS10435,SMP,,89.0,73.0,64.0,57.0,4.0,Élevée,Sciences et technologie,Non,72.2
NS11727,SMP,,79.0,64.0,67.0,73.0,4.0,Moyenne,Sciences et technologie,Oui,73.8
NS10237,SES,60.0,58.0,46.6649941113872,76.50504224164851,74.0,3.0,Très élevée,Économie et société,Oui,63.0
NS12347,SMP,83.0,85.0,71.0,41.0,62.0,4.0,Élevée,Informatique,Oui,68.4
NS10109,SVT,76.0,80.0,74.0,74.0,69.0,3.0,Très élevée,,Non,74.6
NS12274,LLA,54.0,55.0,43.0,90.0,73.0,,Très élevée,Lettres et langues,Non,63.0
NS10163,LLA,53.0,62.0129529587757,65.0,79.0,61.32720260045885,2.0,Très élevée,Arts et culture,Oui,64.1
NS10288,SES,65.0,56.0,52.0,76.0,68.0,3.0,Très élevée,Économie et société,Non,63.4
NS10252,SMP,88.0,80.0,58.0,71.0,80.0,4.0,Élevée,Sciences et technologie,Oui,75.4
NS12583,SES,71.0,60.0,,58.0,86.0,4.0,Très élevée,Économie et société,Non,65.4
NS11964,SMP,84.0,83.0,73.0,75.0,65.0,5.0,Très élevée,Sciences et technologie,Oui,76.0
NS11288,SES,54.0,66.0,63.0,72.0,89.0,,Élevée,Sciences et technologie,Non,68.8
NS10744,SES,61.0,57.0,54.0,86.0,76.0,3.0,Très élevée,Sciences et technologie,Oui,66.8
NS11206,SMP,94.0,79.0,73.0,67.0,62.0,4.0,Très élevée,Sciences et technologie,Oui,75.0
NS12419,SVT,70.0,72.0,75.0,72.0,63.0,3.0,Moyenne,Sciences et technologie,Oui,70.4
NS11391,SES,61.0,64.0,86.0,73.0,87.0,3.0,Très élevée,Économie et société,Non,74.2
NS12333,LLA,60.0,67.0,55.0,90.0,80.0,2.0,Très élevée,Arts et culture,Oui,70.4
NS10990,SVT,79.0,68.0,63.0,81.0,62.0,4.0,Très élevée,Santé et environnement,,70.6
NS10839,SES,58.0,59.0,57.0,85.0,90.0,3.0,Élevée,Sciences et technologie,Oui,69.8
NS11149,SES,69.0,53.0,54.0,77.0,80.0,3.0,Très élevée,Économie et société,Non,66.6
NS11221,LLA,72.0,62.0,59.0,82.0,77.0,3.0,Élevée,Lettres et langues,Non,70.4
NS11743,LLA,72.0,57.0,74.0,81.0,79.0,2.0,Très élevée,Lettres et langues,Oui,72.6
NS12400,SES,66.0,45.0,65.0,92.0,72.0,3.0,Élevée,Sciences et technologie,Oui,68.0
NS10461,SES,89.0,67.0,56.0,83.0,75.0,4.0,Très élevée,Sciences et technologie,Oui,74.0
NS11309,SVT,73.0,79.0,74.0,69.0,43.0,3.0,Très élevée,Sciences et technologie,Non,67.6
NS11435,SMP,85.0,58.0,58.0,67.0,56.0,5.0,Élevée,Sciences et technologie,Oui,64.8
NS10157,SVT,81.0,64.0,92.0,55.0,60.0,4.0,Élevée,Santé et environnement,Non,70.4
NS11911,SMP,86.0,83.0,47.0,74.0,53.0,4.0,Très élevée,Sciences et technologie,Oui,68.6
NS12359,SES,79.0,68.0,52.0,70.0,70.0,4.0,Très élevée,,Oui,67.8
NS10677,SVT,70.0,47.0,82.0,75.0,69.0,3.0,Très élevée,Santé et environnement,Non,68.6
NS12848,SES,52.0,62.0,62.0,81.0,73.0,2.0,Très élevée,Sciences et technologie,Oui,66.0
NS11872,SMP,74.0,76.0,66.0,47.0,76.0,5.0,Très élevée,Informatique,Non,67.8
NS10238,SVT,65.0,79.0,81.0,74.0,69.0,4.0,Élevée,Sciences et technologie,Non,73.6
NS12917,LLA,56.0,50.0,53.0,85.0,84.0,3.0,Très élevée,Lettres et langues,Non,65.6
NS11091,SVT,59.0,90.0,87.0,58.0,61.0,4.0,Très élevée,Sciences et technologie,Non,71.0
NS12870,SVT,68.0,68.0,84.0,60.0,70.0,2.0,Moyenne,,Non,70.0
NS10100,LLA,63.0,48.0,68.0,81.0,80.0,1.0,Très élevée,Lettres et langues,Oui,68.0
NS10315,SMP,87.0,84.0,55.0,82.0,48.0,4.0,Élevée,Sciences et technologie,Oui,71.2
NS11023,SES,72.0,66.0,54.0,76.0,65.0,4.0,Élevée,,Non,66.6
NS12746,SES,63.0,61.0,75.0,68.0,,3.0,Moyenne,,Oui,66.6
NS10767,LLA,47.0,41.0,70.0,90.0,85.0,1.0,Très élevée,Arts et culture,Non,66.6
NS11344,SES,69.0,75.0,57.0,85.0,85.0,3.0,Très élevée,Sciences et technologie,Non,74.2
NS10261,SVT,66.0,59.0,62.0,81.0,72.0,3.0,Élevée,Santé et environnement,Oui,68.0
NS11451,SES,61.0,65.0,53.0,70.0,71.0,4.0,Très élevée,Économie et société,Non,64.0
NS12834,SES,64.0,52.0,73.11786669356209,68.91758869786406,,5.0,Élevée,Sciences et technologie,Non,67.8
NS10195,SVT,72.0,68.0,84.0,84.0,53.0,3.0,Très élevée,Santé et environnement,Non,72.2
NS11775,SMP,82.0,85.0,67.0,69.0,74.0,4.0,,,Oui,75.4
NS12841,SVT,56.0,71.0,81.0,79.0,68.0,4.0,Élevée,Sciences et technologie,Non,71.0
NS11735,SES,75.0,43.0,57.0,,80.0,3.0,Élevée,Économie et société,,66.4
NS10179,SVT,56.0,75.0,92.0,63.0,74.0,4.0,Très élevée,Santé et environnement,Oui,72.0
NS12922,SES,65.0,60.0,63.0,77.66382305184075,77.67551817434443,4.0,Très élevée,Économie et société,Non,68.7
NS10340,LLA,69.0,67.56128020528985,74.0,100.0,80.1766835459395,2.0,Très élevée,Arts et culture,Non,78.1
NS11099,SMP,86.0,77.0,66.0,55.0,72.0,5.0,Élevée,Sciences et technologie,Non,71.2
NS11543,SES,66.0,65.0,53.0,71.0,68.0,2.0,Très élevée,Économie et société,Non,64.6
NS10748,SES,69.0,66.76627264783025,54.0,74.64969319217859,,3.0,Très élevée,Sciences et technologie,Non,65.3
NS12755,SVT,61.0,82.0,80.0,64.0,55.0,4.0,Élevée,Santé et environnement,Non,68.4
NS10662,SES,55.0,73.0,,81.0,63.0,3.0,Très élevée,Sciences et technologie,Non,67.0
NS10480,SMP,79.0,78.0,68.0,72.0,62.0,4.0,Moyenne,Informatique,Oui,71.8
NS12138,SVT,83.0,86.0,91.0,83.0,64.0,3.0,Élevée,Sciences et technologie,Oui,81.4
NS10871,SES,72.0,65.0,63.0,78.0,90.0,4.0,Moyenne,,Non,73.6
NS11453,SMP,80.0,93.0,56.0,57.0,56.0,5.0,Très élevée,Sciences et technologie,Oui,68.4
NS12952,LLA,46.0,56.0,47.0,88.0,67.0,2.0,Élevée,Lettres et langues,Non,60.8
NS10549,LLA,47.0,34.0,54.0,89.0,84.0,3.0,Très élevée,Arts et culture,Non,61.6
NS12020,LLA,51.0,67.0,57.0,82.0,48.0,3.0,Très élevée,Arts et culture,Non,61.0
NS12708,SMP,76.0,79.0,52.0,83.0,54.0,5.0,Élevée,Sciences et technologie,Oui,68.8
NS10742,SES,62.0,55.0,65.0,94.0,82.0,3.0,Très élevée,Sciences et technologie,Non,71.6
NS12415,SES,59.0,58.82679698029422,60.0,88.80430938957304,78.0,3.0,Très élevée,Économie et société,Non,68.9
NS12637,SMP,76.0,83.0,77.0,59.0,63.0,4.0,Très élevée,Informatique,Oui,71.6
NS12566,SVT,77.0,59.0,86.0,65.0,52.0,3.0,Élevée,Santé et environnement,Non,67.8
NS12292,SES,71.0,59.0,54.0,87.0,93.0,3.0,Élevée,Économie et société,Non,72.8
NS11909,SMP,82.0,81.0,63.0,67.0,61.0,4.0,Très élevée,Sciences et technologie,Oui,70.8
NS10790,SMP,88.0,65.0,77.0,68.0,46.0,5.0,Élevée,Informatique,Non,68.8
NS12120,SVT,59.0,81.0,100.0,54.0,67.0,4.0,Élevée,Sciences et technologie,Oui,72.2
NS11446,LLA,51.0,61.0,70.0,90.0,76.0,3.0,Élevée,Arts et culture,Non,69.6
NS10247,SMP,77.0,78.0,77.0,72.0,60.0,3.0,Élevée,Sciences et technologie,Non,72.8
NS10829,SVT,69.0,,91.0,84.0,56.0,4.0,Élevée,Santé et environnement,Non,74.4
NS11124,SMP,74.0,76.0,83.0,65.0,52.0,4.0,Élevée,Sciences et technologie,Oui,70.0
NS12720,SES,65.0,58.0,70.0,71.0,75.0,4.0,Très élevée,Économie et société,Non,67.8
NS10626,SVT,72.0,59.0,86.0,82.0,70.0,,Élevée,,Non,73.8
NS10347,SMP,92.0,77.0,53.0,68.0,61.0,5.0,Très élevée,Sciences et technologie,Oui,70.2
NS10278,SVT,62.0,72.0,85.0,89.0,70.0,4.0,Élevée,Santé et environnement,Non,75.6
NS11783,SMP,84.0,77.0,68.0,62.0,54.0,5.0,Élevée,Sciences et technologie,Oui,69.0
NS12280,SMP,78.0,77.0,72.0,78.0,66.0,4.0,Élevée,Sciences et technologie,Oui,74.2
NS10655,SMP,98.0,92.0,52.0,74.0,54.0,5.0,Moyenne,Sciences et technologie,Non,74.0
NS11213,SMP,81.0,78.0,45.0,70.0,70.0,3.0,Élevée,Sciences et technologie,Oui,68.8
NS10838,SES,78.0,54.0,40.0,78.0,78.0,3.0,Élevée,Sciences et technologie,Non,65.6
NS12624,SVT,66.0,82.0,66.0,62.0,57.0,3.0,Moyenne,Santé et environnement,Oui,66.6
NS12588,SVT,83.0,71.0,86.0,86.0,74.0,3.0,Très élevée,Santé et environnement,Non,80.0
NS12350,SMP,100.0,81.0,82.0,68.0,,5.0,Élevée,Sciences et technologie,Oui,76.6
NS11709,LLA,60.0,63.0,55.0,100.0,77.0,2.0,Très élevée,Lettres et langues,Non,71.0
NS12023,SMP,73.0,,58.0,68.0,72.0,4.0,Élevée,Sciences et technologie,Oui,69.2
NS10976,LLA,63.0,42.0,64.0,89.0,71.0,3.0,Élevée,Arts et culture,Non,65.8
NS10445,SMP,69.0,85.0,67.0,73.0,64.0,5.0,Élevée,Informatique,Oui,71.6
NS10617,LLA,69.0,56.0,54.0,80.0,79.0,3.0,Très élevée,Lettres et langues,Non,67.6
NS11474,SES,62.0,52.0,64.0,82.0,80.0,3.0,Très élevée,Économie et société,Non,68.0
NS11778,SES,74.0,75.0,72.0,81.0,83.0,2.0,Élevée,Sciences et technologie,Oui,77.0
NS12517,LLA,58.0,70.0,63.0,96.0,78.0,3.0,Très élevée,Arts et culture,Non,73.0
NS11244,LLA,73.0,50.0,65.0,,81.0,2.0,Très élevée,Lettres et langues,Oui,69.6
NS12995,LLA,41.0,64.0,53.0,83.0,75.0,2.0,Très élevée,Arts et culture,Non,63.2
NS12552,SMP,81.0,72.0,68.0,69.0,58.0,4.0,Moyenne,Sciences et technologie,Oui,69.6
NS10547,SVT,66.0,78.0,91.0,92.0,64.0,3.0,Très élevée,Santé et environnement,Non,78.2
NS12210,LLA,70.0,52.0,57.0,88.0,79.0,,Élevée,Arts et culture,Non,69.2
NS11623,SVT,69.0,,81.0,70.0,51.0,4.0,,Santé et environnement,Oui,64.4
NS10263,LLA,,58.0,57.0,82.0,81.0,3.0,Très élevée,Lettres et langues,Non,65.4
NS11397,SES,79.0,64.0,72.0,79.0,77.0,4.0,Très élevée,Sciences et technologie,Non,74.2
NS12353,LLA,44.0,43.0,58.0,90.0,92.0,2.0,Très élevée,Arts et culture,Oui,65.4
NS11815,LLA,54.0,53.0,62.0,76.0,82.0,2.0,Très élevée,Lettres et langues,Non,65.4
NS10353,SVT,80.0,75.0,82.0,71.0,63.0,4.0,Élevée,Sciences et technologie,Non,74.2
NS11075,SMP,79.0,81.0,71.0,68.0,68.0,5.0,Élevée,Sciences et technologie,Non,73.4
NS10208,LLA,35.0,38.0,49.0,83.0,78.0,3.0,Moyenne,Lettres et langues,Non,56.6
NS10613,SES,76.0,59.0,60.0,73.0,80.0,3.0,Moyenne,Sciences et technologie,Oui,69.6
NS12090,LLA,69.0,32.0,56.0,82.0,66.0,2.0,Très élevée,Arts et culture,Non,61.0
NS12099,SMP,66.0,70.0,65.0,68.0,73.0,4.0,Élevée,Sciences et technologie,Oui,68.4
NS11498,SVT,63.0,47.0,86.0,84.0,71.0,,Très élevée,Santé et environnement,Oui,70.2
NS11135,SMP,81.0,86.0,63.0,50.0,54.0,5.0,Élevée,Sciences et technologie,Non,66.8
NS12880,SMP,79.0,77.0,72.0,77.0,77.0,5.0,Moyenne,Informatique,Oui,76.4
NS12078,LLA,75.0,58.0,80.0,94.0,70.0,4.0,Très élevée,Arts et culture,Oui,75.4
NS10057,SVT,82.0,54.0,89.0,83.0,70.0,4.0,Élevée,Santé et environnement,Non,75.6
NS12483,SVT,77.0,77.0,94.91071708468252,60.94207577324588,44.0,4.0,Élevée,Santé et environnement,,70.8
NS10811,LLA,66.0,,54.0,89.0,79.0,2.0,,Lettres et langues,Oui,67.4
NS12195,LLA,56.0,42.0,55.0,94.0,79.0,3.0,,Arts et culture,Non,65.2
NS10561,SVT,73.0,81.0,82.0,,49.0,4.0,Élevée,,Oui,70.0
NS12943,SVT,57.0,65.0,94.0,64.0,65.0,3.0,Très élevée,Sciences et technologie,Oui,69.0
NS10229,LLA,51.0,42.0,42.0,77.0,79.0,2.0,Très élevée,Lettres et langues,Oui,58.2
NS12509,SES,64.0,55.0,57.0,80.0,90.0,5.0,Très élevée,Sciences et technologie,Non,69.2
NS11721,SES,51.0,59.0,54.0,57.0,84.0,4.0,Élevée,Économie et société,Oui,61.0
NS12179,SVT,83.0,60.0,75.0,57.0,64.0,3.0,Très élevée,Sciences et technologie,Oui,67.8
NS11450,SVT,66.0,76.0,76.0,65.0,61.0,4.0,Élevée,Santé et environnement,Oui,68.8
NS11234,SVT,74.0,77.0,,49.0,57.0,4.0,Élevée,Santé et environnement,Oui,68.8
NS11071,LLA,55.0,63.0,57.0,91.0,72.0,3.0,Très élevée,Lettres et langues,Non,67.6
NS12849,SMP,74.0,75.0,62.0,64.0,,3.0,Élevée,Sciences et technologie,Oui,68.6
NS11037,SMP,,85.0,72.0,57.0,51.0,5.0,Très élevée,Informatique,Oui,67.4
NS10889,SES,77.0,64.0,52.0,81.0,70.0,,Très élevée,Sciences et technologie,Oui,68.8
NS11053,SES,71.0,69.0,60.0,83.0,87.0,3.0,Élevée,Économie et société,Non,74.0
NS10707,SES,65.0,67.0,64.0,76.0,100.0,4.0,Moyenne,Sciences et technologie,Oui,74.4
NS10424,SVT,61.0,66.0,89.0,58.0,,4.0,Élevée,Sciences et technologie,Non,67.8
NS10069,SVT,78.0,73.0,85.0,73.0,51.0,4.0,Très élevée,Santé et environnement,Non,72.0
NS12249,LLA,49.0,62.0,53.0,91.0,77.0,3.0,Très élevée,Arts et culture,Non,66.4
NS12535,SES,70.0,54.0,90.0,57.0,70.0,3.0,Moyenne,Économie et société,Oui,68.2
NS12839,LLA,51.0,31.0,63.0,99.0,85.0,2.0,Très élevée,Arts et culture,Oui,65.8
NS12406,SVT,59.0,69.0,86.0,75.0,48.0,4.0,Très élevée,Sciences et technologie,,67.4
NS12963,SES,78.0,50.0,79.0,78.0,81.0,4.0,Très élevée,Sciences et technologie,Non,73.2
NS12581,SMP,82.0,84.0,78.0,56.0,65.0,4.0,Élevée,Informatique,Oui,73.0
NS12092,LLA,59.0,78.0,49.0,88.0,60.0,3.0,Très élevée,Arts et culture,Non,66.8
NS10940,SES,66.0,48.0,54.0,78.0,87.0,3.0,Très élevée,Économie et société,,66.6
NS10620,SES,64.0,50.0,71.0,79.0,86.0,3.0,,Économie et société,Non,70.0
NS12519,SES,83.0,49.0,,72.0,74.0,3.0,Très élevée,Économie et société,Non,68.0
NS11196,SVT,73.0,75.0,89.0,75.0,70.0,4.0,Très élevée,Santé et environnement,Non,76.4
NS12067,SES,75.0,42.0,73.0,75.0,87.0,2.0,Très élevée,Économie et société,Oui,70.4
NS11032,SMP,78.0,75.0,53.0,65.0,60.0,5.0,Élevée,Informatique,,66.2
NS11505,SMP,91.0,85.0,60.0,74.0,59.0,4.0,Moyenne,Sciences et technologie,Oui,73.8
NS11576,SES,71.0,63.0,60.0,82.0,66.0,2.0,Élevée,Sciences et technologie,Non,68.4
NS12130,LLA,56.0,40.0,58.0,96.0,67.0,2.0,Très élevée,Arts et culture,Non,63.4
NS12044,SES,69.0,62.0,52.0,82.0,74.0,4.0,Moyenne,Économie et société,Non,67.8
NS11395,SES,64.0,56.0,60.0,85.0,,4.0,Élevée,Sciences et technologie,Non,69.2
NS10279,SVT,83.0,70.0,100.0,78.0,50.0,3.0,Élevée,Sciences et technologie,,76.2
NS11465,SMP,78.0,80.0,68.0,66.0,73.0,4.0,Élevée,Sciences et technologie,Non,73.0
NS11503,LLA,74.0,31.0,,90.0,71.0,3.0,Très élevée,Arts et culture,Non,66.6
NS12282,LLA,35.0,53.0,76.0,69.0,69.0,4.0,Très élevée,Arts et culture,Non,60.4
NS12838,SVT,64.0,81.0,,,64.0,3.0,Élevée,Santé et environnement,Oui,72.8
NS12723,SMP,71.0,82.0,78.0,82.0,59.0,4.0,Élevée,Informatique,Oui,74.4
NS10553,LLA,46.0,62.0,67.0,86.0,68.0,2.0,Très élevée,Lettres et langues,Non,65.8
NS10834,SMP,83.0,75.0,91.0,60.0,57.0,5.0,Très élevée,Sciences et technologie,Oui,73.2
NS10962,SMP,77.0,78.0,72.0,71.0,67.0,4.0,Élevée,Informatique,Oui,73.0
NS10596,LLA,56.0,59.0,63.0,90.0,90.0,3.0,Très élevée,Arts et culture,Non,71.6
NS12451,SES,73.0,42.34474575001861,57.50453506402593,95.0,73.0,4.0,Élevée,Économie et société,Oui,68.2
NS10802,LLA,55.0,41.0,59.0,79.0,79.0,2.0,Très élevée,Arts et culture,Oui,62.6
NS12136,SES,82.0,64.0,74.0,87.0,88.0,3.0,Élevée,Sciences et technologie,Non,79.0
NS12985,SMP,82.0,82.0,72.0,65.0,69.0,5.0,Élevée,Informatique,Non,74.0
NS12719,SMP,96.0,68.0,59.0,59.0,62.0,5.0,Élevée,Sciences et technologie,Oui,68.8
NS10440,SES,67.0,47.0,54.0,88.0,87.0,4.0,Très élevée,Économie et société,Non,68.6
NS10508,SVT,64.0,74.0,100.0,68.0,52.0,4.0,Très élevée,Sciences et technologie,Non,71.6
NS10076,SMP,62.42817536051755,83.0,77.81903951206202,69.0,77.0,4.0,Élevée,Informatique,Oui,73.8
NS12481,SMP,93.0,82.0,67.0,67.0,59.0,4.0,Élevée,Sciences et technologie,Oui,73.6
NS10649,SMP,82.0,76.0,95.0,50.0,40.0,,Élevée,Informatique,Non,68.6
NS10522,LLA,59.0,52.0,73.0,76.0,73.0,2.0,Élevée,Lettres et langues,Non,66.6
NS11487,LLA,50.0,61.0,66.0,68.0,97.0,3.0,Élevée,Lettres et langues,Non,68.4
NS12208,SVT,65.0,82.0,77.0,59.0,86.0,3.0,Élevée,Sciences et technologie,Oui,73.8
NS11494,SMP,90.0,68.0,64.0,55.0,81.0,4.0,Élevée,Informatique,Oui,71.6
NS10654,LLA,65.0,51.6302640373382,54.0,96.0,77.25714134836022,,Élevée,Arts et culture,,68.8
NS12816,LLA,64.0,49.0,63.0,94.0,88.0,2.0,Élevée,Lettres et langues,Non,71.6
NS11538,SES,65.0,50.0,70.0,83.0,72.0,3.0,Élevée,Économie et société,Oui,68.0
NS11423,LLA,61.0,45.0,71.0,73.0,79.0,3.0,Très élevée,Lettres et langues,Oui,65.8
NS11651,LLA,58.0,61.0,62.0,83.0,79.0,3.0,Très élevée,Arts et culture,Non,68.6
NS10630,SVT,66.0,64.0,92.0,,55.0,5.0,Très élevée,Santé et environnement,Non,70.2
NS12541,SES,57.0,76.0,63.0,68.0,80.0,3.0,Très élevée,Économie et société,Non,68.8
NS11507,SMP,75.0,67.0,69.0,66.0,57.0,5.0,Élevée,Sciences et technologie,Oui,66.8
NS12941,LLA,41.0,55.0,62.0,95.0,79.0,2.0,Très élevée,Lettres et langues,Oui,66.4
NS10482,SMP,87.0,86.0,74.0,64.0,62.0,4.0,,Sciences et technologie,Oui,74.6
NS11927,SMP,77.0,78.0,70.0,75.0,57.0,4.0,Très élevée,Sciences et technologie,Non,71.4
NS11113,SES,68.0,52.0,67.0,62.0,89.0,3.0,Élevée,Économie et société,Non,67.6
NS12563,SES,74.0,82.0,,73.0,77.0,4.0,Très élevée,Économie et société,Oui,73.6
NS11088,SMP,73.0,78.0,66.0,69.0,47.0,4.0,Très élevée,Sciences et technologie,Oui,66.6
NS10438,SVT,67.0,,96.0,70.8719577174505,67.7816809090018,4.0,Élevée,Santé et environnement,Oui,74.9
NS11717,SVT,64.0,68.0,74.0,74.0,63.0,3.0,Très élevée,Sciences et technologie,Non,68.6
NS12443,SVT,66.0,69.0,76.0,87.0,68.0,4.0,Très élevée,Santé et environnement,Non,73.2
NS10856,LLA,59.0,58.0,61.0,63.0,72.0,2.0,Moyenne,Arts et culture,Non,62.6
NS11983,LLA,68.0,36.0,52.0,77.0,100.0,2.0,Très élevée,Arts et culture,,66.6
NS10166,LLA,58.0,53.0,59.0,95.0,73.0,4.0,Très élevée,Lettres et langues,Non,67.6
NS10059,LLA,44.0,59.0,60.08837131767618,67.48799099987905,75.0,2.0,Élevée,,Non,61.1
NS10611,SMP,84.0,79.0,63.0,57.0,59.0,4.0,Très élevée,Sciences et technologie,Oui,68.4
NS10530,SES,81.0,51.0,59.0,91.0,80.0,3.0,Très élevée,Économie et société,Non,72.4
NS12787,SVT,70.0,73.0,100.0,80.0,67.0,3.0,Élevée,Santé et environnement,Oui,78.0
NS10049,SES,79.0,46.0,72.0,80.0,76.0,3.0,Moyenne,Sciences et technologie,Non,70.6
NS11883,SVT,63.0,71.0,71.0,59.0,64.0,4.0,Très élevée,Santé et environnement,Non,65.6
NS11011,SVT,70.0,69.0,83.0,59.0,75.0,4.0,Très élevée,,Oui,71.2
NS10858,SVT,59.0,63.0,75.0,81.0,80.0,5.0,Élevée,Santé et environnement,Non,71.6
NS11017,SMP,82.0,82.0,64.0,72.0,52.0,3.0,Moyenne,Sciences et technologie,Oui,70.4
NS10048,SES,71.0,64.0,60.0,70.0,77.0,3.0,Élevée,Sciences et technologie,Non,68.4
NS10719,SMP,90.0,90.0,46.0,73.0,76.0,5.0,Élevée,Informatique,Non,75.0
NS12390,LLA,51.0,45.0,68.0,81.0,88.0,3.0,Élevée,Lettres et langues,Non,66.6
NS12652,SES,70.0,46.0,47.0,68.0,,4.0,Très élevée,Économie et société,Non,63.2
NS12246,SES,79.0,59.0,52.0,,74.0,3.0,Élevée,Économie et société,Oui,66.2
NS11159,SVT,70.0,75.0,79.0,73.0,56.0,3.0,Élevée,Santé et environnement,Oui,70.6
NS10632,LLA,59.0,43.0,59.0,80.0,86.0,3.0,Très élevée,Lettres et langues,Non,65.4
NS11338,SMP,58.0,84.0,55.0,80.0,64.0,3.0,Élevée,Sciences et technologie,Non,68.2
NS12127,SES,59.0,58.0,67.0,65.0,84.0,3.0,Élevée,,Non,66.6
NS12602,SVT,84.0,,82.0,85.0,75.0,5.0,Très élevée,Santé et environnement,Non,78.4
NS11436,SVT,52.0,77.0,82.0,71.0,71.0,2.0,Très élevée,Sciences et technologie,Oui,70.6
NS10025,SVT,76.0,78.0,77.0,61.0,65.0,2.0,Très élevée,Santé et environnement,Oui,71.4
NS12965,LLA,50.0,30.0,79.0,83.0,,2.0,Très élevée,Lettres et langues,Non,63.0
NS10219,SMP,83.0,83.0,65.0,47.0,62.0,4.0,Élevée,Sciences et technologie,Oui,68.0
NS12818,SVT,71.36080842488907,77.0,86.22404980004337,65.0,64.0,4.0,Élevée,Santé et environnement,Non,72.7
NS10276,SMP,79.0,80.0,55.0,66.0,48.0,5.0,Élevée,Sciences et technologie,Oui,65.6
NS12157,LLA,65.0,56.97086750861014,85.87164357926062,98.0,76.0,2.0,Très élevée,Lettres et langues,Non,76.4
NS11480,SVT,65.0,60.0,91.0,85.0,58.0,4.0,Très élevée,Santé et environnement,Oui,71.8
NS11235,SMP,71.0,84.0,74.0,69.0,57.0,4.0,Élevée,Informatique,Oui,71.0
NS11593,SES,75.0,60.0,67.0,88.0,,4.0,Élevée,Économie et société,Non,72.0
NS10999,SVT,79.0,82.0,81.0,52.0,70.0,3.0,Très élevée,Sciences et technologie,Oui,72.8
NS12140,SVT,,77.0,91.0,79.0,55.0,3.0,Élevée,Santé et environnement,Oui,74.6
NS10361,SMP,83.0,80.0,78.0,69.0,62.0,5.0,Élevée,Sciences et technologie,Non,74.4
NS11457,LLA,57.0,45.0,62.0,79.0,77.0,,Très élevée,Lettres et langues,Oui,64.0
NS11993,SVT,76.0,79.0,99.0,53.0,54.0,3.0,Élevée,Santé et environnement,Non,72.2
NS11671,SES,70.0,52.0,67.0,61.0,62.0,4.0,Élevée,Économie et société,Non,62.4
NS12334,LLA,55.0,45.0,58.0,91.0,75.0,2.0,Élevée,Lettres et langues,Oui,64.8
NS11650,SMP,86.0,89.0,61.0,57.0,68.0,5.0,Très élevée,Informatique,Oui,72.2
NS11835,SVT,71.0,,90.0,78.0,55.0,3.0,Très élevée,Sciences et technologie,Non,74.0
NS11114,SES,70.0,,65.0,78.0,75.0,4.0,Élevée,Économie et société,Non,68.8
NS11846,SVT,54.0,83.0,84.0,,61.0,4.0,Élevée,Sciences et technologie,Non,68.6
NS11317,LLA,61.0,61.0,56.0,91.0,64.0,,Très élevée,Lettres et langues,Oui,66.6
NS12629,SVT,56.0,73.0,77.0,65.0,64.0,3.0,Très élevée,Santé et environnement,Non,67.0
NS10297,SMP,88.0,67.0,61.0,59.0,,4.0,Élevée,Sciences et technologie,Oui,65.4
NS11313,SVT,68.0,71.0,86.0,73.0,68.0,4.0,Très élevée,Santé et environnement,Oui,73.2
NS10937,SES,55.0,62.0,74.0,82.0,85.0,4.0,Très élevée,Sciences et technologie,,71.6
NS10240,LLA,42.0,52.0,57.0,69.0,82.0,2.0,Élevée,Lettres et langues,Oui,60.4
NS11432,SES,67.0,73.0,44.0,75.0,77.0,4.0,Très élevée,Économie et société,Non,67.2
NS10582,SMP,73.0,64.0,53.0,80.0,59.0,5.0,Élevée,Informatique,Oui,65.8
NS12906,SMP,100.0,78.0,61.0,77.0,65.0,5.0,Très élevée,Sciences et technologie,Oui,76.2
NS11954,SVT,67.0,58.0,82.0,85.0,59.0,4.0,Très élevée,Santé et environnement,Oui,70.2
NS11334,SMP,93.0,91.0,65.0,71.0,68.0,5.0,Très élevée,Sciences et technologie,Non,77.6
NS11729,SES,71.0,45.0,61.0,76.0,86.0,3.0,Élevée,Économie et société,Non,67.8
NS11672,LLA,55.0,59.0,55.0,86.0,72.0,3.0,Très élevée,Arts et culture,Non,65.4
NS10350,SMP,62.0,,70.0,59.0,64.0,3.0,Élevée,,Non,66.6
NS12745,SMP,85.0,67.0,55.0,67.0,59.0,4.0,Élevée,Sciences et technologie,Oui,66.6
NS11220,SVT,85.0,76.0,,86.0,53.0,4.0,Élevée,Sciences et technologie,Non,75.0
NS10349,LLA,50.0,55.0,60.0,74.0,,2.0,Très élevée,Lettres et langues,Non,63.6
NS11518,SMP,87.0,77.0,54.35647512403095,58.0,72.15294496765145,5.0,Moyenne,Sciences et technologie,Non,69.7
NS12547,SVT,,77.0,76.0,75.0,72.0,3.0,Élevée,Santé et environnement,Non,69.4
NS10643,SMP,93.0,83.0,55.0,62.0,58.0,3.0,Élevée,Sciences et technologie,Oui,70.2
NS12835,SVT,63.0,63.0,86.0,77.0,53.0,5.0,Élevée,Santé et environnement,Non,68.4
NS10944,SMP,85.0,86.0,76.0,74.0,77.0,,Élevée,Informatique,Oui,79.6
NS11462,SES,79.0,73.0,51.0,92.0,77.0,4.0,Très élevée,Économie et société,Non,74.4
NS10657,LLA,72.0,57.0,56.0,81.0,71.0,4.0,Élevée,Lettres et langues,Non,67.4
NS12702,SMP,73.0,79.0,67.0,72.0,75.0,4.0,Élevée,Sciences et technologie,Oui,73.2
NS12893,LLA,55.0,63.0,70.0,88.0,87.0,2.0,Élevée,Lettres et langues,Non,72.6
NS11236,SVT,63.0,,69.0,63.0,62.0,4.0,Très élevée,Santé et environnement,Non,61.0
NS12467,SVT,,72.0,97.0,90.0,48.0,4.0,Élevée,Santé et environnement,Non,76.4
NS10647,SVT,75.0,70.0,89.0,76.0,,4.0,Élevée,Santé et environnement,Oui,75.0
NS11125,SMP,84.0,74.0,72.0,62.0,51.0,4.0,Très élevée,Sciences et technologie,Non,68.6
NS11110,LLA,64.0,32.0,57.0,73.0,66.0,1.0,,Arts et culture,Non,58.4
NS12650,SES,57.0,68.0,57.0,73.0,79.0,4.0,Très élevée,Économie et société,Oui,66.8
NS11940,SVT,67.0,,79.0,69.0,55.0,2.0,Très élevée,Santé et environnement,Non,69.8
NS10538,SES,60.0,60.0,41.0,79.0,78.0,4.0,Très élevée,Sciences et technologie,Non,63.6
NS11048,LLA,60.0,,57.0,79.0,72.0,2.0,Très élevée,Arts et culture,Oui,60.4
NS12983,SVT,84.0,65.0,98.0,71.0,57.0,4.0,Élevée,Santé et environnement,Oui,75.0
NS12375,SVT,73.0,71.0,83.0,75.0,89.0,3.0,Élevée,Santé et environnement,Oui,78.2
NS12209,LLA,50.0,56.0,58.0,88.0,74.0,2.0,Très élevée,Lettres et langues,Non,65.2
NS12338,SVT,79.0,53.0,87.0,67.0,64.0,3.0,Élevée,Santé et environnement,Non,70.0
NS12162,SES,66.0,57.0,72.0,,84.0,3.0,Élevée,Économie et société,Non,71.4
NS10801,SES,67.0,47.0,58.0,84.0,82.0,2.0,Moyenne,Sciences et technologie,Non,67.6
NS10786,LLA,58.0,52.0,60.0,89.0,81.0,3.0,Élevée,,Non,68.0
NS12694,SES,62.0,63.0,61.0,81.0,91.0,5.0,Très élevée,Sciences et technologie,Non,71.6
NS12040,SES,68.0,51.0,78.16692844071375,81.0,75.09333200447182,3.0,Moyenne,Économie et société,Oui,70.7
NS10788,SMP,82.0,91.0,65.0,57.0,56.0,4.0,Moyenne,Sciences et technologie,Oui,70.2
NS12183,SMP,73.0,88.0,62.0,77.0,65.0,4.0,Élevée,Sciences et technologie,Non,73.0
NS12468,SMP,94.0,80.0,77.0,76.0,62.0,4.0,Très élevée,Informatique,Oui,77.8
NS12013,SVT,71.0,69.0,84.0,71.0,90.0,3.0,Très élevée,Sciences et technologie,Non,77.0
NS10714,SMP,70.0,88.0,88.0,63.0,71.0,3.0,Très élevée,Sciences et technologie,Oui,76.0
NS10803,SVT,74.0,61.0,86.0,68.0,,3.0,Élevée,Santé et environnement,,72.8
NS12008,SVT,86.0,62.0,85.0,73.0,42.0,3.0,Très élevée,Santé et environnement,Oui,69.6
NS12761,LLA,50.0,55.0,53.0,76.0,82.0,4.0,Très élevée,Arts et culture,Non,63.2
NS10123,SVT,69.0,54.0,88.0,74.0,61.0,3.0,Élevée,Sciences et technologie,Oui,69.2
NS11808,SMP,88.02616690307575,77.0,52.0,62.682387729719245,61.0,5.0,Très élevée,Sciences et technologie,Oui,68.1
NS12286,SES,81.85966621499723,45.0,67.0,55.18017759674275,61.0,4.0,Élevée,Économie et société,Oui,62.0
NS12147,LLA,62.0,44.0,53.0,77.0,94.0,2.0,Très élevée,Lettres et langues,Oui,66.0
NS10618,SVT,84.0,78.0,,67.0,58.0,4.0,Élevée,Sciences et technologie,Non,76.8
NS10406,SVT,73.0,60.0,91.0,58.0,66.0,3.0,Élevée,Santé et environnement,Oui,69.6
NS11157,SES,65.0,57.0,63.0,66.0,68.0,4.0,Très élevée,Sciences et technologie,Oui,63.8
NS11068,SMP,93.0,76.0,60.0,63.0,69.0,5.0,Élevée,Sciences et technologie,Oui,72.2
NS11133,LLA,63.0,42.0,47.0,100.0,82.0,3.0,Moyenne,Lettres et langues,Non,66.8
NS12905,SMP,72.0,84.0,55.0,71.0,38.0,5.0,Élevée,Sciences et technologie,Oui,64.0
NS10497,SVT,58.0,52.0,,78.0,63.0,2.0,Élevée,Santé et environnement,Non,65.6
NS11061,LLA,36.0,31.0,71.0,90.0,71.0,3.0,Moyenne,,Oui,59.8
NS10325,SES,65.0,69.0,45.0,64.0,80.0,3.0,Élevée,Sciences et technologie,Non,64.6
NS10342,SMP,90.0,95.0,68.0,68.0,69.0,,Élevée,Sciences et technologie,Oui,78.0
NS12356,LLA,52.0,48.57671384961417,56.0,94.10623959092692,100.0,3.0,Moyenne,Arts et culture,Oui,70.1
NS12266,LLA,59.0,48.0,71.0,90.0,81.0,2.0,Élevée,Arts et culture,Non,69.8
NS10782,LLA,54.0,53.0,35.0,92.0,81.0,1.0,Élevée,Lettres et langues,Non,63.0
NS12367,SMP,91.5511459242814,80.0,75.84856307071755,56.0,84.0,4.0,Élevée,Sciences et technologie,Oui,77.5
NS10299,SES,68.0,115.0,63.0,75.0,79.0,2.0,Très élevée,Économie et société,Non,71.8
NS11461,SMP,84.0,86.0,67.0,67.0,61.0,,,,Oui,73.0
NS12373,LLA,61.0,52.0,64.0,91.0,76.0,3.0,Très élevée,Arts et culture,Non,68.8
NS10303,SES,62.0,61.0,42.0,76.0,83.0,3.0,Très élevée,Économie et société,Oui,64.8
NS11237,SMP,91.4615432372696,86.0,55.0,82.21787920197764,,5.0,Élevée,Informatique,Non,78.3
NS12571,SES,69.0,58.0,66.76526375631634,76.61525219471707,80.0,3.0,Très élevée,Sciences et technologie,Oui,70.1
NS11656,SMP,86.0,79.0,62.0,53.0,52.0,5.0,Très élevée,Sciences et technologie,Oui,66.4
NS10664,LLA,37.0,64.0,77.0,77.0,86.0,3.0,Élevée,Lettres et langues,Oui,68.2
NS11690,SVT,75.0,60.0,98.0,61.0,65.0,3.0,Très élevée,Santé et environnement,,71.8
NS10220,SVT,75.0,70.0,74.0,60.0,48.0,3.0,,Sciences et technologie,Non,65.4
NS11626,SMP,70.0,98.0,40.0,70.0,57.0,4.0,Moyenne,Informatique,Oui,67.0
NS11188,SES,58.0,49.0,53.0,77.0,89.0,3.0,Élevée,Sciences et technologie,Oui,65.2
NS11455,LLA,40.0,42.0,44.0,93.0,74.0,3.0,Élevée,Lettres et langues,Non,58.6
NS10449,SES,55.0,51.0,73.0,57.0,,3.0,Élevée,Économie et société,Non,62.8
NS12002,SMP,81.0,84.0,72.0,66.0,70.0,5.0,Élevée,Informatique,Oui,74.6
NS12616,SVT,75.0,83.0,87.0,60.0,64.0,4.0,Élevée,Sciences et technologie,Oui,73.8
NS10084,SMP,81.0,73.0,73.0,75.0,63.0,3.0,Élevée,Sciences et technologie,Oui,73.0
NS10941,LLA,25.0,53.86399897046897,47.43677329052966,86.0,66.0,2.0,Très élevée,Arts et culture,Non,55.7
NS10961,SVT,80.0,46.0,91.0,62.0,76.0,4.0,Élevée,Santé et environnement,Oui,71.0
NS10841,SVT,83.0,56.0,89.0,64.0,68.0,,Très élevée,Santé et environnement,Non,72.0
NS11326,SMP,89.0,96.0,65.0,57.0,61.0,5.0,,Informatique,Oui,73.6
NS12378,SVT,79.0,69.0,91.0,75.0,61.0,3.0,Très élevée,Sciences et technologie,Non,75.0
NS12430,SMP,97.0,89.0,71.0,64.0,75.0,4.0,Élevée,,Oui,79.2
NS11373,SES,80.0,61.0,50.0,72.0,85.0,2.0,Très élevée,Sciences et technologie,Non,69.6
NS10290,SVT,64.0,57.0,100.0,60.0,60.0,4.0,Très élevée,Sciences et technologie,Non,68.2
NS11867,SVT,79.0,50.0,94.0,72.0,63.0,3.0,Très élevée,Sciences et technologie,Non,71.6
NS11554,SVT,85.0,72.0,64.0,70.0,59.0,,Élevée,Sciences et technologie,Non,70.0
NS10604,LLA,64.0,42.0,56.0,72.0,89.0,3.0,Élevée,Lettres et langues,Non,64.6
NS12032,SES,68.577513829853,53.82833877709815,49.0,76.0,,4.0,Très élevée,Sciences et technologie,Oui,66.5
NS10916,SMP,88.0,,70.0,73.0,73.0,5.0,Très élevée,Sciences et technologie,Oui,77.8
NS12632,SVT,74.0,76.0,73.0,79.0,79.0,4.0,Très élevée,Santé et environnement,Non,76.2
NS12337,SMP,79.0,76.0,66.0,62.0,74.0,4.0,Élevée,Sciences et technologie,Oui,71.4
NS12098,SES,82.0,62.15304588062845,50.0,93.0,82.40040834073031,3.0,Très élevée,Sciences et technologie,Non,73.9
NS12437,SVT,73.0,68.0,92.0,75.0,54.0,3.0,Élevée,Santé et environnement,Oui,72.4
NS10821,SES,59.0,49.8442276188564,40.0,79.0,70.88712151115392,3.0,Moyenne,Économie et société,Non,59.7
NS12469,SES,,49.0,54.0,83.0,71.0,4.0,Très élevée,,Oui,65.8
NS11000,LLA,66.0,59.0,32.0,77.0,86.0,2.0,Très élevée,Arts et culture,Oui,64.0
NS11703,SMP,86.0,81.0,77.0,84.0,40.0,4.0,Élevée,Sciences et technologie,Oui,73.6
NS10018,SVT,44.0,70.0,96.0,65.0,81.0,4.0,Très élevée,Santé et environnement,Non,71.2
NS11777,LLA,59.0,49.0,48.0,79.0,86.0,3.0,Très élevée,Arts et culture,Oui,64.2
NS11208,SVT,72.0,64.0,84.0,77.0,83.0,3.0,Très élevée,Sciences et technologie,Oui,76.0
NS12560,LLA,48.0,56.0,64.0,84.0,67.0,3.0,Très élevée,Lettres et langues,Oui,63.8
NS11936,SVT,68.0,,91.0,72.0,67.0,4.0,Très élevée,Santé et environnement,Non,74.2
NS11718,SMP,95.0,70.0,71.0,71.0,67.0,4.0,Élevée,Sciences et technologie,Oui,74.8
NS11427,LLA,63.0,51.0,63.0,83.0,78.0,3.0,Élevée,Arts et culture,Non,67.6
NS12241,LLA,53.0,59.0,49.0,93.0,86.0,2.0,Très élevée,Lettres et langues,Oui,68.0
NS12310,SES,70.0,,66.0,77.0,75.0,4.0,Très élevée,Sciences et technologie,Non,68.0
NS11357,SVT,44.0,65.0,89.0,69.0,62.0,3.0,Élevée,Santé et environnement,Oui,65.8
NS12057,SMP,96.0,86.0,74.0,55.0,,4.0,Faible,Sciences et technologie,Oui,77.8
NS10360,SES,61.0,57.0,63.0,83.0,87.0,3.0,Très élevée,Économie et société,Oui,70.2
NS12270,SES,79.0,52.0,71.0,74.0,79.0,2.0,Élevée,Économie et société,Non,71.0
NS12084,SES,67.0,66.0,58.0,70.0,79.0,2.0,Très élevée,Économie et société,Non,68.0
NS11564,SMP,85.0,79.0,66.93735245752521,66.0,64.44929905873808,5.0,Élevée,Sciences et technologie,Oui,72.3
NS10344,SES,57.0,52.0,59.0,75.0,76.0,3.0,Élevée,Sciences et technologie,Oui,63.8
NS10986,SMP,77.0,82.0,72.0,80.0,50.0,5.0,Très élevée,Informatique,Oui,72.2
NS11260,LLA,50.0,45.0,65.0,89.0,74.0,3.0,Élevée,Arts et culture,Oui,64.6
NS11713,SMP,76.0,86.0,55.0,71.0,48.0,4.0,Élevée,Sciences et technologie,Oui,67.2
NS11720,LLA,73.0,66.0,59.0,84.0,71.0,3.0,Très élevée,Lettres et langues,Oui,70.6
NS12646,SMP,95.0,70.0,64.0,78.0,63.0,5.0,Très élevée,Sciences et technologie,Non,74.0
NS12886,LLA,62.0,49.0,55.0,92.0,79.0,3.0,Très élevée,Arts et culture,Non,67.4
NS11575,SVT,86.80718100559807,57.0,84.33543000331142,79.0,68.0,3.0,Élevée,,Oui,75.0
NS10085,SES,63.0,61.0,75.0,89.0,84.0,4.0,Très élevée,Économie et société,Oui,74.4
NS12063,SES,,70.0,52.0,68.0,91.0,4.0,Élevée,Économie et société,Non,70.6
NS10668,LLA,66.0,57.0,62.0,73.0,72.0,3.0,Élevée,Arts et culture,Oui,66.0
NS11014,SVT,85.53914621435298,58.15353491801522,100.0,68.0,66.0,3.0,Élevée,Santé et environnement,Oui,75.5
NS10128,SVT,59.0,54.0,76.0,79.0,76.0,4.0,Moyenne,Sciences et technologie,,68.8
NS11873,LLA,55.0,57.0,52.0,77.0,76.0,3.0,Très élevée,Arts et culture,Non,63.4
NS11146,SVT,52.0,61.0,90.0,83.26850518336849,61.88047760277687,4.0,Élevée,Sciences et technologie,Non,69.6
NS10891,SES,64.0,52.0,63.0,88.0,82.0,,Très élevée,Économie et société,Oui,69.8
NS12471,SES,63.0,63.0,74.0,70.0,81.0,4.0,Élevée,Économie et société,Non,70.2
NS10307,SVT,,61.0,89.0,78.0,59.0,4.0,Très élevée,,Non,73.4
NS10383,SMP,90.0,71.0,74.0,63.0,80.0,5.0,Très élevée,Sciences et technologie,Non,75.6
NS11833,SMP,97.0,90.0,61.0,61.0,69.0,4.0,Élevée,Sciences et technologie,Oui,75.6
NS11127,LLA,61.0,45.0,62.0,90.0,76.0,2.0,Très élevée,Lettres et langues,Non,66.8
NS10426,SVT,74.0,59.0,71.0,58.0,62.0,4.0,Élevée,Santé et environnement,Non,64.8
NS10494,LLA,63.0,57.0,65.0,96.0,91.0,3.0,,Arts et culture,Non,74.4
NS11565,SES,63.0,64.0,62.0,,67.0,4.0,Très élevée,Économie et société,,65.8
NS12791,SVT,58.0,55.0,88.0,72.0,69.0,3.0,Moyenne,Santé et environnement,Non,68.4
NS12611,SMP,98.0,100.0,71.0,70.0,63.0,4.0,Très élevée,Sciences et technologie,Oui,80.4
NS11251,SMP,98.0,,,67.0,60.0,4.0,Moyenne,Sciences et technologie,Non,71.6
NS11295,SES,,64.0,53.0,78.0,81.0,3.0,Très élevée,Économie et société,Non,65.6
NS10275,SES,58.0,55.201468687602805,56.0,79.97400028164341,78.0,5.0,Très élevée,Économie et société,Oui,65.4
NS10489,SMP,76.0,80.0,62.0,86.0,52.0,5.0,Élevée,Sciences et technologie,Oui,71.2
NS11957,SES,70.0,46.0,50.0,76.0,87.0,,Élevée,Économie et société,Oui,65.8
NS10690,SMP,74.0,87.0,73.0,69.0,63.0,5.0,Faible,Informatique,Oui,73.2
NS12051,SES,72.0,67.0,57.0,81.0,82.0,4.0,,Économie et société,Non,71.8
NS12238,SMP,82.0,72.0,77.0,67.0,49.0,5.0,Élevée,Sciences et technologie,Oui,69.4
NS11242,LLA,59.0,63.0,55.0,90.0,77.0,3.0,Élevée,Lettres et langues,Non,68.8
NS12673,SES,63.0,56.0,60.0,76.0,75.0,3.0,Très élevée,Sciences et technologie,Non,66.0
NS12079,SVT,64.0,68.0,80.0,67.90313618224276,63.43425494605568,4.0,Très élevée,Santé et environnement,Oui,68.7
NS11058,SMP,92.0,87.0,61.0,71.0,52.0,4.0,Très élevée,Informatique,Oui,72.6
NS10118,SMP,81.0,88.0,76.0,69.0,80.0,5.0,Élevée,Informatique,Oui,78.8
NS11995,SES,73.0,38.0,37.0,85.0,75.0,3.0,Élevée,Sciences et technologie,Non,61.6
NS12285,LLA,66.0,47.0,56.0,86.0,72.0,3.0,Élevée,Arts et culture,Non,65.4
NS10281,SMP,100.0,95.0,67.0,64.0,60.0,4.0,Élevée,Sciences et technologie,Oui,77.2
NS12807,LLA,53.0,,62.0,83.0,80.0,2.0,Très élevée,Lettres et langues,Non,67.0
NS12335,SES,56.0,63.0,60.0,80.0,85.0,3.0,Élevée,Économie et société,Oui,68.8
NS12762,SES,67.0,63.0,62.0,71.0,79.0,4.0,Élevée,Sciences et technologie,Non,68.4
NS12945,SVT,70.0,71.0,92.0,91.0,53.0,,Très élevée,Santé et environnement,Non,75.4
NS11179,SVT,65.0,67.0,71.0,80.0,57.0,5.0,Élevée,Santé et environnement,Oui,68.0
NS11602,SMP,91.0,80.0,68.0,71.0,58.0,5.0,Très élevée,Informatique,Oui,73.6
NS12116,SMP,72.0,77.0,73.0,63.0,48.0,4.0,Très élevée,Sciences et technologie,Oui,66.6
NS10304,SMP,72.0,86.0,60.0,71.0,47.0,4.0,Très élevée,Sciences et technologie,Oui,67.2
NS11844,SES,63.0,51.0,46.0,80.0,68.0,3.0,Élevée,Économie et société,Non,61.6
NS11356,SVT,64.0,80.0,97.0,61.0,79.0,4.0,Très élevée,Santé et environnement,Non,76.2
NS12436,LLA,57.0,50.0,51.0,87.0,73.0,3.0,Élevée,Arts et culture,Oui,63.6
NS10575,SMP,82.0,91.0,73.0,80.0,64.0,5.0,Élevée,Informatique,Oui,78.0
NS11871,SES,63.0,54.0,62.0,81.0,78.0,3.0,Élevée,Économie et société,Oui,67.6
NS12845,SVT,,68.0,84.0,71.0,66.0,3.0,Très élevée,Sciences et technologie,Oui,72.4
NS12623,SVT,76.0,78.0,81.39030621858426,80.0,53.87291784010954,4.0,Élevée,Sciences et technologie,Oui,73.9
NS11417,SVT,54.0,52.0,85.0,57.0,68.0,3.0,Élevée,,Oui,63.2
NS11795,LLA,54.0,58.0,57.0,85.0,84.0,2.0,Très élevée,Lettres et langues,Non,67.6
NS10843,SMP,81.0,78.0,73.0,65.0,52.0,5.0,Moyenne,Informatique,Oui,69.8
NS12812,SMP,73.0,84.0,57.0,71.0,79.0,4.0,Très élevée,Informatique,Oui,72.8
NS10269,SES,77.0,48.0,65.0,80.0,97.0,3.0,Très élevée,Économie et société,Non,73.4
NS10629,SVT,62.0,74.0,98.0,67.0,45.0,3.0,Très élevée,Santé et environnement,Non,69.2
NS11033,SES,64.0,58.0,56.0,71.0,90.0,2.0,Élevée,,Oui,67.8
NS10286,SES,69.0,58.0,64.0,81.0,99.0,3.0,Très élevée,Économie et société,Non,74.2
NS12211,SMP,73.0,77.0,73.0,59.0,62.0,4.0,Très élevée,Sciences et technologie,Oui,68.8
NS10300,SES,77.0,52.0,56.0,69.0,73.0,,Élevée,Sciences et technologie,Non,65.4
NS11510,SMP,91.0,84.0,62.0,80.0,51.0,5.0,Élevée,Sciences et technologie,Non,73.6
NS11811,SES,65.0,59.0,56.0,88.0,78.0,4.0,Très élevée,Sciences et technologie,Oui,69.2
NS10065,LLA,71.0,51.0,,100.0,81.0,1.0,Très élevée,Lettres et langues,Oui,70.8
NS12397,SVT,79.0,72.0,88.0,77.0,69.0,4.0,Élevée,Santé et environnement,Oui,77.0
NS10890,SVT,79.0,71.0,85.0,59.0,54.0,3.0,Élevée,Santé et environnement,Oui,69.6
NS11767,SMP,88.0,77.0,55.0,,60.0,3.0,Très élevée,Informatique,Oui,68.2
NS11731,SVT,61.0,71.0,91.0,70.0,55.0,3.0,Élevée,Santé et environnement,Non,69.6
NS11376,SES,68.0,57.0,78.0,74.0,79.0,,Très élevée,Économie et société,Non,71.2
NS10230,SMP,83.0,99.0,63.0,91.0,67.0,3.0,Élevée,Sciences et technologie,Oui,80.6
NS10503,SVT,77.0,64.0,96.0,89.0,61.0,4.0,Élevée,Santé et environnement,Non,77.4
NS12459,SMP,90.0,65.0,70.0,70.0,71.0,4.0,Élevée,Sciences et technologie,Non,73.2
NS11350,SMP,74.87336937602001,83.0,77.0,46.53949656016008,79.0,5.0,Très élevée,Sciences et technologie,Oui,72.1
NS11444,SES,85.0,72.0,41.0,71.0,83.0,2.0,Élevée,Sciences et technologie,Non,70.4
NS12551,SES,75.0,57.0,59.0,86.0,85.0,2.0,Très élevée,Sciences et technologie,Non,72.4
NS11004,SES,100.0,47.0,56.0,78.0,,3.0,Élevée,Économie et société,Oui,75.2
NS10836,LLA,76.0,46.0,65.0,76.0,67.0,3.0,Très élevée,Arts et culture,Oui,66.0
NS11588,SVT,67.0,80.0,75.0,61.0,63.0,2.0,Très élevée,Sciences et technologie,Oui,69.2
NS10374,LLA,57.0,42.0,42.0,86.0,67.0,4.0,Élevée,Arts et culture,Non,58.8
NS11352,SVT,85.0,72.0,100.0,66.0,79.0,3.0,Élevée,Sciences et technologie,Oui,80.4
NS12110,SES,80.0,74.0,61.0,83.0,84.0,3.0,Élevée,Économie et société,Non,76.4
NS11786,SES,71.0,51.0,71.0,89.0,76.0,3.0,Élevée,Sciences et technologie,Non,71.6
NS11803,LLA,48.0,56.0,54.0,76.0,72.0,3.0,Moyenne,Lettres et langues,Non,61.2
NS12071,SMP,94.0,92.0,52.0,72.0,73.0,4.0,Très élevée,Sciences et technologie,Oui,76.6
NS10751,SMP,84.0,81.0,69.59783089971427,68.0,,5.0,Très élevée,Sciences et technologie,Oui,75.6
NS10099,SES,56.53535839265282,54.0,64.9759526507263,60.0,59.0,3.0,Très élevée,Sciences et technologie,Non,58.9
NS11723,SVT,76.0,84.0,80.0,76.0,45.0,3.0,Très élevée,Sciences et technologie,Non,72.2
NS10866,LLA,67.0,56.0,69.0,93.0,74.0,3.0,Très élevée,Arts et culture,Oui,71.8
NS10910,SMP,88.0,84.0,77.0,61.0,56.0,3.0,Très élevée,Sciences et technologie,Non,73.2
NS12009,LLA,53.0,28.0,58.0,99.0,86.0,4.0,Élevée,Lettres et langues,Oui,64.8
NS10529,LLA,72.0,59.0,59.0,100.0,89.0,3.0,Très élevée,Arts et culture,Oui,75.8
NS10636,SES,73.0,74.0,71.0,,82.0,4.0,Élevée,Sciences et technologie,Non,76.4
NS10185,SES,60.0,65.0,55.0,61.0,78.0,2.0,Très élevée,Économie et société,Oui,63.8
NS11187,SES,65.0,54.0,64.0,66.0,78.0,2.0,Élevée,Sciences et technologie,Non,65.4
NS11971,SES,72.0,46.0,57.0,68.0,79.0,3.0,Très élevée,Sciences et technologie,Non,64.4
NS10931,SES,73.0,48.0,73.0,80.0,92.0,3.0,Élevée,Économie et société,Oui,73.2
NS11381,SES,70.0,67.0,65.0,67.0,80.0,3.0,Élevée,Économie et société,Oui,69.8
NS12295,SVT,72.0,78.0,89.0,79.0,65.0,4.0,Très élevée,Santé et environnement,,76.6
NS12382,SES,42.0,56.0,44.0,79.0,77.0,3.0,Élevée,Sciences et technologie,Non,59.6
NS12401,LLA,66.0,51.0,69.0,88.0,73.0,,Moyenne,Lettres et langues,,69.4
NS11999,LLA,77.0,46.0,57.0,88.0,66.0,3.0,Très élevée,Arts et culture,Non,66.8
NS10607,SMP,78.0,79.0,62.0,59.0,56.0,4.0,Élevée,Sciences et technologie,Non,66.8
NS12896,SMP,78.0,78.0,67.0,66.0,56.0,4.0,Très élevée,Sciences et technologie,Oui,69.0
NS10151,SVT,69.0,71.0,75.0,72.0,67.0,4.0,Élevée,Santé et environnement,Oui,70.8
NS11283,SVT,62.0,81.0,73.0,72.0,59.0,,Très élevée,Santé et environnement,Oui,69.4
NS12262,SES,63.05428303443749,44.0,,,72.0,3.0,,,Non,60.0
NS10731,SES,47.0,62.0,74.0,85.0,87.0,2.0,Élevée,Sciences et technologie,Oui,71.0
NS11337,SVT,81.0,64.0,98.0,68.0,77.0,3.0,Élevée,Sciences et technologie,Oui,77.6
NS11598,SVT,56.0,52.0,84.0,79.0,58.0,3.0,Très élevée,Sciences et technologie,Oui,65.8
NS12840,LLA,43.0,52.0,46.0,87.0,63.0,3.0,Élevée,Lettres et langues,Non,58.2
NS10023,SMP,76.58517090002447,75.0,57.42985449291975,75.0,67.0,4.0,Moyenne,Informatique,Oui,70.2
NS12857,LLA,51.0,58.0,63.0,81.0,67.0,4.0,Très élevée,Lettres et langues,Non,64.0
NS10158,SMP,82.0,87.0,67.0,60.0,52.0,4.0,Moyenne,Sciences et technologie,Oui,69.6
NS10861,SES,67.0,61.0,63.0,85.0,79.0,4.0,Très élevée,Économie et société,Non,71.0
NS10902,SVT,58.0,80.0,71.0,80.0,73.0,4.0,Élevée,Santé et environnement,Non,72.4
NS12655,SES,71.0,67.0,65.0,72.0,84.0,2.0,Moyenne,Économie et société,Non,71.8
NS12937,SVT,75.0,70.0,,76.0,65.0,4.0,Très élevée,Santé et environnement,Oui,76.0
NS10444,SVT,88.0,61.0,73.0,78.0,42.0,3.0,Très élevée,Santé et environnement,Non,68.4
NS12938,SMP,93.0,92.68165404497084,80.37625323902132,66.0,56.0,3.0,,Informatique,Oui,77.6
NS10754,SMP,74.0,69.0,58.0,69.0,57.0,3.0,Moyenne,Sciences et technologie,Oui,65.4
NS10923,LLA,67.0,50.0,76.0,73.0,75.0,2.0,Élevée,Arts et culture,Non,68.2
NS12970,LLA,67.0,41.0,73.0,90.0,82.0,2.0,Élevée,Lettres et langues,Oui,70.6
NS12102,SMP,85.0,78.0,74.0,61.0,55.0,4.0,Élevée,Sciences et technologie,Oui,70.6
NS10311,LLA,56.0,56.0,66.0,81.0,69.0,2.0,Très élevée,Arts et culture,Non,65.6
NS10548,SVT,65.0,52.0,90.0,79.0,,,Élevée,Santé et environnement,Oui,73.8
NS11945,SES,64.0,63.0,66.0,74.0,81.0,4.0,Très élevée,Économie et société,Non,69.6
NS11456,SVT,65.0,63.0,88.0,60.0,69.0,3.0,Très élevée,Santé et environnement,Non,69.0
NS10306,SES,74.0,69.0,,90.0,84.0,2.0,Élevée,Économie et société,Non,74.0
NS10287,LLA,54.0,38.0,73.0,85.0,77.0,1.0,Élevée,Lettres et langues,Non,65.4
NS10694,SES,79.0,43.0,50.0,75.0,86.0,2.0,,Économie et société,Non,66.6
NS10308,SVT,63.0,68.0,82.0,57.0,78.0,2.0,Élevée,Santé et environnement,Oui,69.6
NS12320,SES,78.0,58.0,68.0,78.0,81.0,3.0,Élevée,Sciences et technologie,,72.6
NS10749,LLA,52.0,68.0,60.0,90.0,81.0,2.0,Très élevée,Lettres et langues,Oui,70.2
NS12815,SVT,67.0,71.0,88.0,78.0,65.0,4.0,Très élevée,Sciences et technologie,Non,73.8
NS11239,SES,56.0,47.0,60.0,62.0,78.0,4.0,Très élevée,Sciences et technologie,Oui,60.6
NS10908,SVT,73.0,72.0,86.0,61.0,78.0,3.0,Élevée,Santé et environnement,Non,74.0
NS11880,SVT,71.0,73.0,91.0,68.0,58.0,3.0,Très élevée,Santé et environnement,Oui,72.2
NS12380,LLA,56.0,55.0,71.0,65.0,94.0,3.0,Très élevée,Lettres et langues,Oui,68.2
NS11406,SVT,68.0,62.0,78.0,65.0,62.0,3.0,Très élevée,Santé et environnement,Non,67.0
NS12494,SVT,68.0,63.0,73.0,76.0,51.0,3.0,Élevée,Sciences et technologie,Non,66.2
NS10970,SVT,52.0,86.0,78.0,67.0,53.0,5.0,Élevée,Sciences et technologie,Non,67.2
NS10013,SES,73.0,46.0,63.0,84.0,96.0,3.0,Élevée,Économie et société,Oui,72.4
NS10873,SMP,82.0,80.0,62.0,68.0,59.0,5.0,Très élevée,Sciences et technologie,Oui,70.2
NS10808,LLA,65.0,44.0,44.0,,90.0,3.0,Très élevée,Arts et culture,Oui,67.0
NS12578,SMP,87.0,80.0,53.0,56.0,66.0,4.0,Moyenne,Sciences et technologie,Oui,68.4
NS10514,SES,70.0,61.0,59.0,74.0,75.0,3.0,Élevée,Économie et société,Oui,67.8
NS12413,SMP,83.0,76.0,69.0,68.0,61.0,4.0,Moyenne,Sciences et technologie,Non,71.4
NS10409,SES,80.0,56.0,46.0,76.0,72.0,3.0,Très élevée,,Non,66.0
NS12833,SES,55.0,60.0,51.0,68.0,62.0,4.0,Très élevée,Sciences et technologie,Oui,59.2
NS12259,SMP,80.0,77.0,65.0,79.0,64.0,5.0,Très élevée,Informatique,Oui,73.0
NS12823,SES,69.0,63.0,50.0,84.0,69.0,4.0,Très élevée,Économie et société,Non,67.0
NS11225,SES,69.0,44.0,85.0,82.0,93.0,3.0,Très élevée,Économie et société,Non,74.6
NS11655,SVT,66.0,55.0,79.0,74.0,54.0,4.0,,Santé et environnement,Oui,65.6
NS11610,LLA,52.0,55.0,62.0,92.0,64.0,2.0,Moyenne,Lettres et langues,Oui,65.0
NS10382,SVT,68.0,71.0,82.0,67.0,71.0,,,Santé et environnement,Non,71.8
NS12106,SES,58.0,38.0,68.0,80.0,67.0,3.0,Élevée,Sciences et technologie,Non,62.2
NS12187,LLA,72.0,46.0,60.0,82.0,87.0,2.0,Très élevée,Lettres et langues,Oui,69.4
NS11621,LLA,66.0,54.0,59.0,84.0,85.0,2.0,,Lettres et langues,Non,69.6
NS12831,SVT,62.72652759875812,79.0,75.45589084888957,60.0,70.0,3.0,Moyenne,Santé et environnement,Oui,69.4
NS10552,SVT,84.0,81.0,75.0,83.0,57.0,3.0,Très élevée,Santé et environnement,Non,76.0
NS10222,SES,64.0,66.0,69.0,84.0,67.0,4.0,Très élevée,Sciences et technologie,Non,70.0
NS11096,LLA,36.0,71.0,61.0,86.0,69.0,2.0,Très élevée,Lettres et langues,Oui,64.6
NS12754,SVT,81.0,56.0,89.0,68.0,62.0,3.0,Élevée,Santé et environnement,Oui,71.2
NS10008,SES,52.0,44.0,71.0,70.0,74.0,4.0,Très élevée,Économie et société,Non,62.2
NS11476,LLA,55.0,42.0,60.0,72.0,65.0,3.0,Moyenne,Lettres et langues,Non,58.8
NS10316,SVT,80.0,74.0,87.0,65.0,77.0,4.0,Élevée,Sciences et technologie,Non,76.6
NS10427,SMP,85.0,78.23281803009151,56.0,72.63877366060632,46.0,4.0,Élevée,Sciences et technologie,Oui,67.6
NS11985,SVT,,47.0,89.0,76.0,70.0,3.0,Très élevée,Santé et environnement,Non,68.4
NS10105,SMP,100.0,79.0,79.0,57.0,43.0,5.0,Élevée,Sciences et technologie,Oui,71.6
NS12015,SMP,72.0,70.99968742427188,58.0,78.0,57.78143706880418,5.0,Élevée,Sciences et technologie,Oui,67.4
NS10142,SMP,85.0,72.0,67.0,75.0,83.0,5.0,Très élevée,,Oui,76.4
NS10121,LLA,63.0,41.0,42.0,97.0,87.0,3.0,Très élevée,Lettres et langues,Non,66.0
NS12371,SVT,63.0,77.0,96.0,61.0,71.0,3.0,Élevée,Sciences et technologie,Non,73.6
NS12865,SVT,71.0,77.0,95.0,58.0,70.0,4.0,Élevée,Santé et environnement,Oui,74.2
NS11189,SMP,83.0,71.0,80.0,70.0,44.0,4.0,,Sciences et technologie,Oui,69.6
NS12961,SVT,67.0,64.0,84.0,77.0,69.0,2.0,Très élevée,Santé et environnement,Oui,72.2
NS12600,SVT,60.0,68.0,67.0,72.0,83.0,3.0,Élevée,Santé et environnement,Non,70.0
NS11657,LLA,65.0,47.0,56.0,77.0,85.0,2.0,Très élevée,Arts et culture,Oui,66.0
NS10115,SMP,78.0,90.0,83.0,68.0,53.0,4.0,Très élevée,Sciences et technologie,Non,74.4
NS11405,SMP,77.0,,,75.0,73.0,5.0,Moyenne,Informatique,Oui,73.4
NS11511,LLA,58.0,49.0,49.0,89.0,82.0,1.0,Très élevée,Arts et culture,Non,65.4
NS12492,SVT,79.0,,83.0,65.0,65.0,4.0,Très élevée,Sciences et technologie,Oui,73.4
NS12797,LLA,68.0,,62.0,73.0,83.0,2.0,Très élevée,Lettres et langues,Oui,66.8
NS12948,SES,77.0,52.0,64.0,77.0,81.0,3.0,Moyenne,Économie et société,Oui,70.2
NS11596,SES,65.0,63.0,73.0,72.0,71.0,2.0,Élevée,Économie et société,Oui,68.8
NS12889,SVT,48.0,53.0,,69.0,67.0,4.0,Très élevée,Santé et environnement,Oui,63.0
NS10672,LLA,70.23487960836673,54.0,50.0,83.7168873956904,71.0,3.0,Élevée,Lettres et langues,Oui,65.8
NS11431,LLA,63.0,58.0,54.0,92.0,70.0,3.0,Moyenne,Arts et culture,Non,67.4
NS12172,SMP,70.0,77.0,58.0,66.0,57.0,4.0,Élevée,Sciences et technologie,Oui,65.6
NS10591,SES,82.0,66.0,69.0,77.0,,3.0,Élevée,Économie et société,Non,75.4
NS11402,SES,70.0,62.0,65.0,66.0,100.0,3.0,Très élevée,Sciences et technologie,Oui,72.6
NS10888,SES,65.0,57.0,68.0,82.0,79.0,4.0,Élevée,Économie et société,Oui,70.2
NS11754,SVT,79.0,83.0,87.0,60.0,67.0,4.0,Élevée,Santé et environnement,Oui,75.2
NS11366,SMP,61.0,56.0,82.0,68.0,76.0,4.0,Élevée,Sciences et technologie,Oui,68.6
NS12396,SMP,79.0,83.0,75.0,38.0,70.0,5.0,Élevée,Sciences et technologie,Oui,69.0
NS10213,SVT,62.0,77.0,91.0,78.0,72.0,4.0,Moyenne,Sciences et technologie,Non,76.0
NS12007,LLA,44.0,,65.0,77.0,77.0,3.0,Élevée,Arts et culture,Non,61.6
NS12148,LLA,61.0,46.0,51.0,76.0,81.0,1.0,Très élevée,Arts et culture,Non,63.0
NS10800,LLA,53.0,69.0,59.0,90.0,,2.0,Élevée,Lettres et langues,Oui,70.6
NS12480,SES,74.0,67.0,58.0,63.0,89.0,2.0,Élevée,Économie et société,Non,70.2
NS12439,SVT,72.0,100.0,76.0,80.0,69.0,4.0,Très élevée,Sciences et technologie,,79.4
NS12283,SVT,86.6282635382972,67.0,92.0,84.0,73.30286774524293,3.0,Très élevée,Santé et environnement,Non,80.6
NS12662,SVT,60.0,67.0,79.0,78.0,56.0,4.0,Élevée,,Non,68.0
NS12711,SVT,60.0,78.0,82.0,59.0,64.0,3.0,Très élevée,Santé et environnement,Oui,68.6
NS10273,SES,84.90738569735673,70.42824963336322,60.0,64.0,75.0,4.0,Élevée,Sciences et technologie,Non,70.9
NS10071,SVT,,64.0,85.0,81.0,63.0,4.0,Élevée,Santé et environnement,,70.2
NS11789,SMP,85.0,73.0,,78.0,58.0,3.0,Très élevée,Informatique,Oui,72.0
NS11087,SVT,70.0,62.0,70.0,59.0,61.0,4.0,Moyenne,Santé et environnement,Non,64.4
NS10394,SES,71.0,62.0,61.0,79.0,75.0,4.0,Très élevée,Sciences et technologie,Oui,69.6
NS10583,SES,68.0,51.0,49.0,70.0,67.0,4.0,Très élevée,Économie et société,Non,61.0
NS12080,SVT,56.0,63.0,89.0,53.0,65.0,3.0,Élevée,Santé et environnement,Oui,65.2
NS11980,LLA,65.9010704825439,37.0,41.0,89.0,83.87731751840802,1.0,Élevée,Arts et culture,Oui,63.4
NS10500,LLA,64.0,51.0,62.52539304453412,86.0,71.1467667370886,4.0,Très élevée,Lettres et langues,Non,66.9
NS12014,SVT,74.0,72.0,84.0,72.0,71.0,3.0,Élevée,Santé et environnement,Non,74.6
NS12223,SVT,81.0,65.0,96.0,72.0,65.0,4.0,Très élevée,Santé et environnement,Oui,75.8
NS12979,SES,83.0,59.0,64.0,78.0,87.0,2.0,Très élevée,Sciences et technologie,Oui,74.2
NS12740,SVT,88.0,61.0,88.0,69.0,74.0,4.0,Très élevée,Santé et environnement,Non,76.0
NS12318,SMP,72.0,72.0,51.0,48.0,68.0,4.0,Très élevée,Informatique,Oui,62.2
NS11259,SES,65.0,70.0,66.0,63.0,74.0,3.0,Élevée,Économie et société,Oui,67.6
NS11742,SES,61.0,49.0,53.0,72.0,,3.0,Élevée,Sciences et technologie,Non,61.6
NS10205,LLA,53.0,52.0,61.0,78.0,53.0,3.0,Élevée,Lettres et langues,Non,59.4
NS10733,SMP,77.0,78.0,75.0,82.0,60.0,5.0,Élevée,Informatique,Oui,74.4
NS12502,SMP,82.0,69.0,86.0,57.0,59.0,4.0,Élevée,Sciences et technologie,Oui,70.6
NS10526,LLA,63.0,46.0,44.0,70.0,80.0,4.0,Très élevée,Lettres et langues,Non,60.6
NS11375,LLA,46.0,64.0,,76.0,73.0,2.0,,Arts et culture,Oui,64.6
NS10898,SES,68.0,76.0,64.0,61.0,88.0,3.0,Élevée,Économie et société,Non,71.4
NS10377,SVT,70.0,67.0,78.0,54.0,66.0,5.0,Élevée,Santé et environnement,Non,67.0
NS11726,SVT,72.0,69.0,92.0,78.0,67.0,4.0,Très élevée,Santé et environnement,Oui,75.6
NS12682,SMP,86.0,67.0,60.0,61.0,71.0,4.0,Élevée,Sciences et technologie,Oui,69.0
NS12722,LLA,58.0,,61.0,80.0,69.0,3.0,Élevée,Arts et culture,Non,63.8
NS10386,SMP,88.0,82.0,57.0,66.0,56.0,3.0,Élevée,Sciences et technologie,Oui,69.8
NS10198,SVT,59.0,79.0,95.0,70.0,68.0,4.0,,Santé et environnement,Oui,74.2
NS11050,SMP,75.0,75.0,54.0,75.0,62.0,5.0,Élevée,Informatique,Non,68.2
NS10590,SVT,64.0,67.0,91.0,78.0,57.0,2.0,Élevée,,Oui,71.4
NS10519,SMP,84.0,100.0,73.0,80.0,,4.0,Élevée,,,81.6
NS12950,LLA,60.0,52.0,67.0,94.0,78.0,2.0,Très élevée,Lettres et langues,Non,70.2
NS10429,LLA,69.0,43.0,73.0,95.0,79.0,2.0,Très élevée,Lettres et langues,Oui,71.8
NS11083,SMP,83.0,87.0,74.0,59.0,70.0,4.0,Élevée,Sciences et technologie,Oui,74.6
NS10207,SMP,94.0,87.0,71.0,60.0,60.0,4.0,,Sciences et technologie,Oui,74.4
NS10491,SES,74.0,47.0,64.0,57.0,100.0,4.0,Très élevée,Économie et société,Non,68.4
NS11609,SES,83.0,62.0,61.0,,66.0,3.0,Élevée,Économie et société,Oui,70.6
NS12912,SES,62.0,56.0,77.0,74.0,67.0,3.0,Élevée,Sciences et technologie,Non,67.2
NS10792,SVT,69.0,74.0,85.0,53.0,67.0,4.0,Très élevée,Santé et environnement,Oui,69.6
NS12019,LLA,66.0,54.0,52.0,64.0,76.0,3.0,Très élevée,Arts et culture,Non,62.4
NS11186,LLA,72.0,59.0,53.0,84.0,100.0,3.0,Très élevée,Arts et culture,Non,73.6
NS11185,SVT,79.0,67.0,75.0,75.0,71.0,3.0,Très élevée,Santé et environnement,Non,73.4
NS12181,SMP,77.0,57.0,67.0,68.0,81.0,3.0,Très élevée,Informatique,Oui,70.0
NS11340,SMP,75.0,72.0,72.0,62.0,57.0,5.0,Très élevée,Sciences et technologie,Oui,67.6
NS12232,SMP,82.0,67.0,60.0,75.0,53.0,5.0,Élevée,Sciences et technologie,Non,67.4
NS10083,SMP,88.0,84.0,72.0,65.0,61.0,5.0,Très élevée,Sciences et technologie,Oui,74.0
NS12369,SVT,63.0,55.0,94.0,59.0,54.0,4.0,Très élevée,Santé et environnement,Non,65.0
NS12226,LLA,48.0,57.0,66.0,78.0,74.0,3.0,Élevée,Lettres et langues,Non,64.6
NS10020,SES,76.0,48.0,49.0,90.0,77.0,3.0,Très élevée,Économie et société,Oui,68.0
NS11378,SVT,53.0,65.0,72.0,,65.0,2.0,Moyenne,Sciences et technologie,,61.6
NS11558,LLA,52.0,54.0,56.0,82.0,69.0,3.0,Très élevée,Lettres et langues,Non,62.6
NS11938,LLA,58.0,64.0,65.0,79.0,92.0,2.0,Élevée,Arts et culture,Non,71.6
NS12837,SMP,70.0,82.0,56.0,65.0,,5.0,Très élevée,Sciences et technologie,Non,67.4
NS11937,SVT,62.0,70.0,70.0,71.0,51.0,4.0,,Santé et environnement,Oui,64.8
NS10973,SMP,83.0,87.0,62.0,74.0,52.0,4.0,Très élevée,Sciences et technologie,Non,71.6
NS12789,SVT,73.0,,77.0,66.0,65.0,4.0,Très élevée,Santé et environnement,Non,71.0
NS10883,LLA,55.0,65.0,36.0,83.0,67.0,3.0,Très élevée,Arts et culture,Non,61.2
NS11098,LLA,67.0,40.0,64.0,75.0,84.0,2.0,Très élevée,Arts et culture,Oui,66.0
NS10156,LLA,68.0,54.0,55.0,73.0,84.0,3.0,Élevée,Arts et culture,Non,66.8
NS12276,SVT,54.0,62.0,87.0,67.0,66.0,2.0,Moyenne,,Non,67.2
NS10886,SVT,65.0,75.0,82.0,61.0,61.0,3.0,Très élevée,Santé et environnement,Non,68.8
NS12998,SVT,72.0,,81.0,50.0,81.0,4.0,Élevée,Sciences et technologie,Non,68.2
NS11591,SVT,64.0,75.0,83.0,62.0,,4.0,Très élevée,Sciences et technologie,Non,71.2
NS12478,LLA,60.0604952602721,65.0,41.72508644991972,70.0,91.0,4.0,Élevée,Lettres et langues,Oui,65.6
NS12717,SMP,75.0,86.0,84.0,61.0,50.0,4.0,Très élevée,Sciences et technologie,Non,71.2
NS12534,SES,64.0,60.0,59.0,82.0,74.0,3.0,Très élevée,Économie et société,Oui,67.8
NS12117,SVT,78.0,60.0,92.0,77.0,64.0,3.0,Très élevée,Santé et environnement,Non,74.2
NS11472,SMP,87.0,80.0,53.0,55.0,50.0,5.0,Élevée,Informatique,Oui,65.0
NS12648,SVT,67.0,62.0,76.0,86.0,84.0,4.0,Moyenne,Sciences et technologie,Oui,75.0
NS10458,SMP,91.0,83.0,,56.0,82.0,4.0,Très élevée,Informatique,Oui,75.4
NS12498,SVT,62.0,67.0,78.0,51.0,50.0,4.0,Élevée,Santé et environnement,Non,61.6
NS10078,SMP,68.0,95.0,73.0,54.0,52.0,4.0,Très élevée,Informatique,Oui,68.4
NS12914,SES,81.0,50.0,60.0,,73.0,2.0,Moyenne,Sciences et technologie,Oui,68.2
NS11056,SES,68.0,67.0,58.0,80.0,,4.0,Très élevée,Économie et société,Non,69.8
NS10906,SMP,78.0,77.0,74.0,80.0,58.0,5.0,Très élevée,Sciences et technologie,Oui,73.4
NS11563,SES,63.0,46.0,40.0,71.0,87.0,3.0,Élevée,Économie et société,Oui,61.4
NS12426,SES,65.0,74.0,71.0,80.0,85.0,2.0,Élevée,Économie et société,Oui,75.0
NS12696,SES,54.0,68.0,63.0,72.0,74.0,4.0,Très élevée,Économie et société,Non,66.2
NS10380,SMP,85.0,82.0,67.0,57.0,45.0,5.0,Élevée,Sciences et technologie,Oui,67.2
NS10947,SMP,92.0,85.0,61.0,74.0,68.0,4.0,Très élevée,Sciences et technologie,Oui,76.0
NS11712,SES,63.0,70.0,57.0,67.0,80.0,3.0,Élevée,Économie et société,Oui,67.4
NS12756,SVT,86.0,70.0,78.0,61.0,63.0,4.0,Très élevée,Sciences et technologie,Oui,71.6
NS10715,SVT,67.0,85.0,64.0,64.0,56.0,4.0,Élevée,Santé et environnement,Non,67.2
NS11913,LLA,56.443549366047904,56.0,69.07947304193198,86.0,68.0,2.0,Élevée,Arts et culture,Non,67.1
NS10686,LLA,41.0,34.0,60.0,67.0,72.0,3.0,Très élevée,Lettres et langues,Non,54.8
NS12670,SVT,63.0,77.0,68.0,69.0,63.0,3.0,Élevée,Santé et environnement,Non,68.0
NS11293,SMP,76.0,74.0,,65.0,68.0,4.0,Moyenne,Sciences et technologie,Oui,69.6
NS10305,SVT,55.0,55.0,73.0,67.0,53.0,3.0,Très élevée,Santé et environnement,Non,60.6
NS10209,LLA,60.0,55.0,48.0,100.0,87.0,3.0,Très élevée,Arts et culture,Oui,70.0
NS12011,LLA,59.0,,70.0,88.0,85.0,2.0,Très élevée,Arts et culture,Non,70.6
NS12221,SMP,90.0,74.0,81.0,57.0,49.0,4.0,Moyenne,Informatique,Non,70.2
NS12975,SES,68.0,54.0,,79.0,80.0,3.0,Très élevée,Économie et société,Non,71.0
NS11537,SVT,68.0,70.0,92.0,77.0,62.0,4.0,Très élevée,Santé et environnement,Oui,73.8
NS10885,SMP,87.0,76.0,71.0,56.0,75.0,4.0,Élevée,Sciences et technologie,Oui,73.0
NS11859,SVT,57.0,,83.0,77.0,67.0,4.0,Élevée,Santé et environnement,Non,69.0
NS10917,LLA,40.0,49.0,45.0,85.0,83.0,3.0,Très élevée,Lettres et langues,Non,60.4
NS11886,SES,55.0,48.0,55.0,78.0,86.0,,Moyenne,Économie et société,Oui,64.4
NS11660,SES,63.0,46.0,70.0,87.0,75.0,2.0,Très élevée,Économie et société,Non,68.2
NS10191,SES,60.0,43.0,61.0,68.0,65.0,3.0,Très élevée,Sciences et technologie,Non,59.4
NS11747,SES,50.0,53.0,57.0,78.0,68.0,3.0,Très élevée,Économie et société,Non,61.2
NS12131,LLA,62.0,62.0,48.0,84.0,80.0,4.0,Élevée,Lettres et langues,Oui,67.2
NS11265,SVT,68.0,85.0,84.0,76.0,77.0,3.0,Élevée,Santé et environnement,Oui,78.0
NS10483,SVT,68.0,75.0,84.0,55.0,63.0,3.0,Élevée,Santé et environnement,Non,69.0
NS10915,SMP,94.6227633520241,92.05415166348664,,86.0,66.0,5.0,Élevée,Informatique,Oui,79.9
NS12599,SMP,87.0,68.0,62.0,59.0,64.0,3.0,Très élevée,Sciences et technologie,Oui,68.0
NS10277,SMP,79.0,100.0,52.0,65.0,70.0,4.0,Très élevée,Sciences et technologie,Non,73.2
NS10988,LLA,79.0,33.0,46.0,94.0,72.0,3.0,Très élevée,Lettres et langues,Oui,64.8
NS11987,SMP,78.0,82.0,76.0,55.0,53.0,3.0,Très élevée,Sciences et technologie,Oui,68.8
NS11894,LLA,57.0,54.0,73.0,97.0,74.0,2.0,Très élevée,Lettres et langues,Oui,71.0
NS11869,SES,74.0,63.0,50.0,81.0,78.0,3.0,Très élevée,Économie et société,Non,69.2
NS10571,LLA,62.0,44.0,53.0,96.0,79.0,2.0,Élevée,Arts et culture,Non,66.8
NS10993,SES,51.0,41.0,71.0,83.0,76.0,2.0,Très élevée,Économie et société,,64.4
NS12795,SVT,82.0,84.0,81.0,77.0,63.0,,Moyenne,Santé et environnement,,77.4
NS12946,SMP,85.0,99.0,68.0,48.0,66.0,4.0,Moyenne,Sciences et technologie,Oui,73.2
NS10585,SES,60.0,38.0,62.626982614570096,86.0,74.02303877828983,3.0,Élevée,Économie et société,Oui,64.1
NS12328,SMP,85.0,90.0,62.0,56.0,53.0,5.0,Élevée,Sciences et technologie,Oui,69.2
NS12993,LLA,46.0,44.0,69.0,88.0,68.0,2.0,Élevée,Lettres et langues,Non,63.0
NS11349,SVT,71.0,53.04463404736181,77.0,53.57670570248516,64.0,4.0,Très élevée,Sciences et technologie,Non,63.7
NS12900,LLA,48.0,34.90743174479689,69.77016007438971,79.0,71.0,2.0,Élevée,,Non,60.5
NS10674,SVT,66.0,74.0,90.0,66.0,62.0,,Élevée,Sciences et technologie,Oui,71.6
NS12590,SMP,97.0,80.0,87.0,58.0,53.0,5.0,Très élevée,Informatique,,75.0
NS10855,SES,58.0,62.0,48.0,84.0,92.0,3.0,Très élevée,Sciences et technologie,Oui,68.8
NS10447,SMP,89.0,68.0,70.0,58.0,66.0,4.0,Faible,Sciences et technologie,Non,70.2
NS11419,SMP,81.0,80.0,57.0,59.0,67.0,5.0,Très élevée,Sciences et technologie,Oui,68.8
NS12229,SMP,80.0,91.0,73.0,78.0,47.0,4.0,Moyenne,Sciences et technologie,Oui,73.8
NS11616,SMP,78.0,79.0,56.0,59.0,79.0,5.0,Très élevée,Sciences et technologie,Oui,70.2
NS12258,SMP,85.0,69.0,62.0,51.0,63.0,4.0,Élevée,Sciences et technologie,Oui,66.0
NS12821,SVT,66.0,69.0,96.0,,58.0,3.0,Très élevée,,Oui,74.0
NS12753,SMP,98.0,87.0,72.0,73.0,53.0,5.0,Moyenne,Informatique,Oui,76.6
NS11716,LLA,48.0,59.0,54.0,69.0,76.0,3.0,Élevée,Lettres et langues,Non,61.2
NS12671,SES,57.0,54.0,55.0,81.0,,4.0,Très élevée,Sciences et technologie,Non,66.8
NS11247,SMP,90.0,86.0,63.0,72.0,64.0,5.0,Élevée,Sciences et technologie,Oui,75.0
NS10294,SES,61.0,51.0,67.0,76.0,72.0,4.0,Très élevée,Sciences et technologie,Oui,65.4
NS10588,SMP,81.0,91.0,66.0,83.0,64.0,3.0,Élevée,Sciences et technologie,Oui,77.0
NS11281,SES,76.0,58.0,54.0,67.0,81.0,3.0,Très élevée,Sciences et technologie,Non,67.2
NS11422,SES,59.0,60.0,69.0,65.0,91.0,4.0,Élevée,Économie et société,Oui,68.8
NS12349,SMP,89.0,78.0,60.0,46.0,57.0,5.0,Très élevée,Sciences et technologie,Oui,66.0
NS11426,SES,73.0,50.0,49.0,81.0,79.0,3.0,Très élevée,Sciences et technologie,Non,66.4
NS12252,SES,69.0,52.0,53.0,83.0,85.0,3.0,Élevée,Sciences et technologie,Oui,68.4
NS10425,SMP,81.0,73.0,71.0,59.0,70.0,4.0,Élevée,Informatique,Non,70.8
NS10534,SES,62.0,57.0,61.0,86.0,73.0,3.0,Élevée,Économie et société,Oui,67.8
NS11054,SVT,64.0,61.0,67.0,81.0,74.0,3.0,Moyenne,Santé et environnement,Oui,69.4
NS11864,LLA,,55.0,65.0,,83.0,3.0,,,Oui,68.6
NS12504,SES,68.0,64.0,65.0,78.0,77.0,3.0,Élevée,Économie et société,Oui,70.4
NS11425,LLA,65.0,58.0,52.0,100.0,62.0,3.0,Élevée,Arts et culture,Oui,67.4
NS10132,SES,74.0,74.0,65.0,77.0,89.0,3.0,,Économie et société,Non,75.8
NS11837,SVT,67.0,64.0,86.0,65.0,60.0,2.0,Élevée,Santé et environnement,Oui,68.4
NS11825,SES,62.0,61.0,54.0,67.0,86.0,3.0,Élevée,Économie et société,Oui,66.0
NS10421,SVT,69.0,76.0,80.0,83.0,85.0,5.0,,Santé et environnement,Non,78.6
NS12658,LLA,,57.0,58.0,100.0,90.0,,,Arts et culture,Non,77.0
NS12028,SES,73.0,43.0,62.0,78.0,90.0,3.0,Très élevée,Économie et société,Non,69.2
NS12989,SMP,100.0,82.0,75.0,65.0,75.0,4.0,Élevée,Informatique,Non,79.4
NS11368,LLA,51.0,53.0,58.0,76.0,72.0,2.0,Élevée,Arts et culture,Non,62.0
NS10556,SES,72.0,49.0,64.0,68.0,74.0,2.0,Élevée,Économie et société,Oui,65.4
NS12043,SMP,82.0,80.0,55.0,66.0,66.0,5.0,Élevée,Informatique,Oui,69.8
NS11486,SMP,77.0,-10.0,41.0,67.0,49.0,4.0,Moyenne,Sciences et technologie,Oui,63.4
NS12679,LLA,51.0,44.0,54.0,89.0,85.0,2.0,Élevée,Arts et culture,Non,64.6
NS10570,SES,78.0,44.0,55.0,64.0,77.0,3.0,Élevée,Sciences et technologie,Non,63.6
NS10352,SMP,98.0,72.0,62.0,68.0,60.0,4.0,Élevée,Sciences et technologie,Oui,72.0
NS10091,SMP,88.0,79.0,67.0,62.0,63.0,3.0,Élevée,Informatique,Oui,71.8
NS12562,SES,79.0,38.0,51.0,57.0,81.0,2.0,Élevée,Économie et société,Oui,61.2
NS12533,SVT,61.0,61.0,74.0,76.0,72.0,2.0,Très élevée,Sciences et technologie,Non,68.8
NS11170,SES,59.0,66.0,59.0,68.0,93.0,3.0,Très élevée,Économie et société,Non,69.0
NS12248,SMP,71.54953362582575,87.0,53.55085035755833,71.0,70.0,5.0,Élevée,,Oui,70.6
NS11285,SVT,72.0,71.0,82.0,59.0,78.0,3.0,Très élevée,Sciences et technologie,Oui,72.4
NS11702,SVT,73.0,63.0,87.0,62.0,72.0,2.0,Élevée,Sciences et technologie,Non,71.4
NS11468,LLA,45.0,53.0,51.0,89.0,78.0,2.0,,Lettres et langues,Non,63.2
NS11907,SES,72.0,71.0,74.0,89.0,76.0,2.0,Élevée,Sciences et technologie,Non,76.4
NS11477,LLA,55.0,49.0,57.0,92.0,94.0,4.0,Très élevée,,Non,69.4
NS10697,SES,79.0,45.0,71.0,64.0,79.0,2.0,Très élevée,Économie et société,Oui,67.6
NS12506,SES,91.0,59.0,62.0,98.0,81.0,4.0,Très élevée,Économie et société,Non,78.2
NS10348,SMP,70.0,84.0,58.0,64.0,66.0,3.0,Élevée,Informatique,Non,68.4
NS11644,SMP,83.0,81.0,80.0,61.0,42.0,4.0,Élevée,Sciences et technologie,Oui,69.4
NS12346,SES,74.0,78.0,59.0,76.0,,2.0,Élevée,Sciences et technologie,Oui,75.0
NS12431,SMP,83.0,79.0,70.0,55.0,,4.0,Très élevée,Informatique,Oui,73.6
NS12168,SMP,84.0,82.0,61.0,69.0,62.0,5.0,Élevée,Sciences et technologie,Oui,71.6
NS11137,SES,74.0,66.0,68.0,75.0,83.0,4.0,Très élevée,Sciences et technologie,Non,73.2
NS11797,SES,63.0,64.0,69.0,100.0,80.0,2.0,Élevée,Économie et société,Oui,75.2
NS11544,SMP,88.0,84.0,69.0,69.0,63.0,3.0,Élevée,Sciences et technologie,Non,74.6
NS12836,SES,58.0,62.0,50.0,71.0,67.0,2.0,Très élevée,Économie et société,Oui,61.6
NS12820,LLA,57.0,61.0,51.0,83.0,83.0,3.0,Très élevée,Arts et culture,Non,67.0
NS11339,SMP,80.0,89.0,88.0,65.0,52.0,3.0,Très élevée,Sciences et technologie,Oui,74.8
NS12490,LLA,64.0,39.0,79.0,95.0,80.0,2.0,Très élevée,Lettres et langues,Non,71.4
NS10453,SES,63.0,68.0,74.0,,80.0,4.0,Très élevée,Sciences et technologie,Non,72.6
NS10913,SVT,59.0,70.0,94.0,66.0,88.0,4.0,Très élevée,,Oui,75.4
NS11199,SMP,79.159467034192,83.49043948917227,52.0,52.0,67.0,4.0,Très élevée,Sciences et technologie,Non,66.7
NS11274,LLA,56.0,32.0,46.0,82.0,73.0,3.0,Très élevée,Lettres et langues,Oui,57.8
NS11866,LLA,48.0,56.0,62.0,85.0,79.0,2.0,Élevée,Lettres et langues,,66.0
NS10037,SVT,70.0,60.0,82.0,81.0,69.0,2.0,Très élevée,Sciences et technologie,Non,72.4
NS10974,SES,79.0,53.0,73.0,69.0,82.0,2.0,Très élevée,Économie et société,Non,71.2
NS12770,LLA,66.0,42.0,62.0,84.0,79.0,3.0,Très élevée,Lettres et langues,Non,66.6
NS10983,SMP,83.0,86.0,64.0,77.0,65.0,5.0,Moyenne,Sciences et technologie,Non,75.0
NS11805,SVT,70.0,65.0,99.0,67.0,60.0,3.0,Élevée,Santé et environnement,Oui,72.2
NS11961,SES,53.0,64.0,,70.0,90.0,4.0,Très élevée,Sciences et technologie,Oui,68.4
NS11418,LLA,61.0,45.11769379923754,64.0,97.42094811570932,73.0,4.0,Très élevée,Arts et culture,Non,68.1
NS11284,LLA,61.0,63.0,59.0,75.0,91.0,2.0,Moyenne,Arts et culture,Non,69.8
NS10039,SVT,74.0,71.0,79.0,60.0,77.0,3.0,Moyenne,Sciences et technologie,Non,72.2
NS12540,LLA,48.0,53.0,75.0,81.0,76.0,3.0,Très élevée,Lettres et langues,Oui,66.6
NS10169,SVT,72.0,66.0,87.0,64.0,64.0,3.0,Élevée,Santé et environnement,Oui,70.6
NS11355,LLA,65.0,52.0,68.0,66.0,81.0,3.0,Élevée,Arts et culture,Oui,66.4
NS10737,SES,,68.0,72.0,64.2433413551525,85.73575115154591,3.0,Élevée,Économie et société,Non,75.0
NS11590,SES,59.0,52.0,56.0,73.0,73.0,3.0,Élevée,Économie et société,Oui,62.6
NS12699,SMP,81.0,80.0,60.0,67.0,47.0,4.0,,Informatique,Non,67.0
NS11897,SVT,65.0,52.0,88.0,68.0,66.0,,Élevée,Santé et environnement,Oui,67.8
NS10634,LLA,64.0,47.0,70.0,85.0,68.0,4.0,Moyenne,Arts et culture,,66.8
NS12647,SVT,87.0,73.0,93.0,63.0,58.0,3.0,Très élevée,,Oui,74.8
NS11918,SVT,,,97.0,70.0,62.0,4.0,Très élevée,Sciences et technologie,Non,73.8
NS11290,SVT,57.0,83.0,81.0,77.0,68.0,,,Santé et environnement,Non,73.2
NS11380,SVT,76.0,44.0,85.0,76.0,60.0,4.0,Très élevée,Santé et environnement,Oui,68.2
NS10579,SES,71.0,57.0,85.0,80.0,70.0,4.0,Élevée,Sciences et technologie,Oui,72.6
NS10328,LLA,48.0,,66.0,91.0,63.0,2.0,Très élevée,Arts et culture,Non,63.6
NS11642,SES,80.3885039280919,76.0,57.45885415699327,79.0,77.0,2.0,Élevée,Sciences et technologie,Non,74.0
NS10892,SVT,65.0,74.0,64.93546759246777,69.0,77.015451760325,3.0,Élevée,Santé et environnement,Non,70.0
NS11849,SES,60.0,61.12428420064273,58.0,79.27017126332582,71.0,3.0,Très élevée,Sciences et technologie,Oui,65.9
NS10780,SES,58.0,62.0,57.0,66.0,,4.0,Moyenne,Économie et société,Non,63.4
NS10159,SES,68.0,51.0,71.0,88.0,82.0,3.0,Très élevée,Sciences et technologie,Oui,72.0
NS11545,SES,73.0,63.0,75.0,89.0,66.0,2.0,Élevée,Économie et société,Oui,73.2
NS11933,SES,105.0,51.0,72.0,84.0,86.0,3.0,Moyenne,Sciences et technologie,Non,70.2
NS12978,LLA,71.0,41.0,36.0,89.0,86.0,3.0,Très élevée,Arts et culture,Oui,64.6
NS10061,SVT,87.01583263026409,52.0,100.0,57.0,64.0,4.0,Très élevée,Santé et environnement,Oui,72.0
NS10849,SMP,79.0,83.0,55.0,67.0,77.0,5.0,Très élevée,Sciences et technologie,Oui,72.2
NS12129,SMP,84.0,79.0,63.0,63.0,62.0,4.0,Moyenne,Sciences et technologie,Non,70.2
NS12892,LLA,47.0,68.0,48.0,85.0,69.0,3.0,Élevée,Lettres et langues,Non,63.4
NS11043,SES,57.0,50.0,79.0,73.0,86.0,2.0,Très élevée,Sciences et technologie,Oui,69.0
NS12496,SMP,79.0,72.0,69.0,81.0,38.0,4.0,Élevée,Sciences et technologie,Oui,67.8
NS12260,SMP,67.0,75.0,71.0,49.0,40.0,5.0,Élevée,Sciences et technologie,Oui,60.4
NS12121,SVT,75.0,57.0,99.0,87.0,67.0,3.0,Élevée,Sciences et technologie,Oui,77.0
NS11070,SMP,67.0,82.0,73.0,70.0,57.0,4.0,Élevée,Informatique,Oui,69.8
NS10053,SVT,75.05169478318815,76.0,82.45820515290903,70.0,75.0,,Élevée,Santé et environnement,Oui,75.7
NS10258,LLA,49.0,48.0,63.0,98.0,69.0,,Très élevée,Arts et culture,Non,65.4
NS10505,SVT,68.0,78.0,92.0,62.0,,4.0,Élevée,Santé et environnement,Oui,68.0
NS10752,LLA,54.0,67.0,43.0,,64.0,3.0,Élevée,Lettres et langues,Oui,62.4
NS11978,SES,65.0,61.0,57.0,74.0,,3.0,Très élevée,Sciences et technologie,Oui,67.0
NS12947,SVT,75.0,61.32137557040495,89.0,70.7374124925639,58.0,3.0,,Santé et environnement,Oui,70.8
NS12410,SVT,77.25889867967976,73.0,71.2040688947158,83.0,68.0,3.0,Très élevée,Santé et environnement,Non,74.5
NS11517,SVT,77.0,75.0,82.0,88.0,71.0,4.0,Élevée,Sciences et technologie,Oui,78.6
NS12997,LLA,,61.0,45.0,68.0,82.0,3.0,Moyenne,Arts et culture,Oui,62.4
NS12273,SMP,93.0,67.0,93.0,70.28728942250312,55.89776524625477,5.0,Élevée,Sciences et technologie,Oui,75.8
NS11389,SES,57.0,72.0,46.0,73.0,78.0,2.0,Élevée,Économie et société,Non,65.2
NS11266,LLA,58.0,57.0,60.0,74.0,68.0,3.0,Très élevée,Lettres et langues,Oui,63.4
NS12466,SVT,75.0,72.0,83.0,58.0,74.0,4.0,Élevée,Santé et environnement,Oui,72.4
NS11711,SVT,77.0,,95.0,72.0,73.0,5.0,,Santé et environnement,Oui,75.8
NS10771,SES,61.0,51.0,72.0,,85.0,3.0,Élevée,,Oui,69.4
NS12802,SES,63.0,63.0,63.0,97.0,82.0,4.0,Moyenne,Économie et société,Non,73.6
NS11807,SVT,79.0,70.0,76.0,75.0,57.0,3.0,Très élevée,Sciences et technologie,Oui,71.4
NS12685,SES,81.0,51.0,43.0,58.0,65.0,3.0,Très élevée,Sciences et technologie,Oui,59.6
NS11085,SES,80.0,60.0,60.0,67.0,67.0,3.0,Très élevée,Économie et société,Oui,66.8
NS12257,SVT,68.0,63.0,66.0,77.0,65.0,3.0,Élevée,Santé et environnement,Non,67.8
NS11532,SES,67.0,62.0,65.0,94.0,70.0,4.0,Élevée,Économie et société,Non,71.6
NS11325,SES,66.0,53.0,63.0,74.0,62.0,3.0,Très élevée,Sciences et technologie,Oui,63.6
NS12119,LLA,51.0,53.0,51.0,83.0,71.0,4.0,Très élevée,Lettres et langues,Oui,61.8
NS11812,LLA,58.0,64.0,56.0,88.0,76.0,2.0,Très élevée,Arts et culture,Non,68.4
NS11714,SES,,44.0,46.0,77.0,79.0,,Très élevée,Sciences et technologie,Non,61.0
NS12034,SMP,96.0,85.0,66.0,61.0,66.0,4.0,Élevée,Sciences et technologie,Oui,74.8
NS12423,LLA,68.0,57.0,63.0,77.0,77.0,3.0,Élevée,Lettres et langues,Oui,68.4
NS12434,SES,55.0,51.0,68.0,61.0,,3.0,Élevée,Économie et société,Non,62.6
NS11681,SVT,83.0,61.0,92.0,74.0,59.0,4.0,Très élevée,Sciences et technologie,Oui,73.8
NS12227,SVT,59.0,70.0,89.0,65.0,71.0,2.0,Très élevée,Santé et environnement,Non,70.8
NS11163,SMP,79.0,78.0,71.0,63.0,66.0,4.0,Élevée,Informatique,Oui,71.4
NS10963,SMP,76.0,97.0,,56.0,71.0,4.0,Élevée,Sciences et technologie,Oui,74.0
NS12902,LLA,48.0,34.0,51.0,75.0,66.0,2.0,Très élevée,Arts et culture,Oui,54.8
NS11662,SES,84.0,64.0,51.0,67.0,78.0,3.0,,Économie et société,Oui,68.8
NS10398,SES,89.0,47.0,60.0,60.0,68.0,3.0,Très élevée,Économie et société,Non,64.8
NS10584,SVT,74.0,69.0,,78.0,67.0,3.0,Très élevée,Sciences et technologie,Oui,74.4
NS10948,LLA,80.0,,55.0,77.0,75.0,2.0,Très élevée,Arts et culture,Non,67.4
NS10704,SVT,53.0,68.0,90.0,59.0,66.0,3.0,Élevée,Santé et environnement,Oui,67.2
NS10431,SMP,97.0,98.0,64.0,58.0,62.0,4.0,Moyenne,Informatique,Oui,75.8
NS10292,LLA,58.0,60.0,62.0,79.0,61.0,2.0,Très élevée,Arts et culture,Non,64.0
NS10145,SMP,81.0,84.0,77.0,60.0,64.0,5.0,Moyenne,Sciences et technologie,Oui,73.2
NS10323,SES,69.0,53.0,53.0,74.0,84.0,3.0,Très élevée,Économie et société,Oui,66.6
NS12108,LLA,68.0,50.0,51.0,74.0,77.0,3.0,Très élevée,Arts et culture,Non,64.0
NS11165,LLA,63.0,53.0,68.0,76.0,84.0,2.0,Élevée,Arts et culture,Non,68.8
NS11452,SVT,79.0,79.0,92.0,63.0,69.0,3.0,Très élevée,Sciences et technologie,Non,76.4
NS10002,SVT,64.0,81.0,81.0,75.0,56.0,4.0,Élevée,Santé et environnement,Non,71.4
NS10576,SES,73.0,52.0,53.0,99.0,71.0,3.0,Élevée,Économie et société,Non,69.6
NS12657,SES,84.0,,56.0,69.0,93.0,4.0,Élevée,Sciences et technologie,Non,71.6
NS10339,LLA,59.0,58.0,71.0,73.0,79.0,2.0,Élevée,Lettres et langues,Non,68.0
NS12539,LLA,51.0,46.0,58.0,79.0,80.0,2.0,Très élevée,Lettres et langues,Non,62.8
NS12935,LLA,46.0,68.0,55.0,86.0,73.0,3.0,Élevée,Lettres et langues,Non,65.6
NS10925,SES,68.0,63.0,70.0,73.0,82.0,3.0,Élevée,Sciences et technologie,Non,71.2
NS10265,SMP,80.0,87.0,75.0,68.0,34.0,5.0,,,Non,68.8
NS10376,LLA,48.0,51.0,58.0,81.0,95.0,2.0,Très élevée,Arts et culture,Non,66.6
NS12022,SES,73.0,52.0,38.0,72.0,69.0,3.0,Élevée,Sciences et technologie,Non,60.8
NS11463,SVT,65.0,66.0,92.0,90.0,,3.0,Très élevée,Sciences et technologie,Oui,77.4
NS10271,LLA,57.0,49.0,49.0,83.0,80.0,2.0,Moyenne,Arts et culture,Non,63.6
NS10696,LLA,60.0,56.0,51.0,75.0,75.0,2.0,Très élevée,Arts et culture,Non,63.4
NS12973,SES,71.0,39.0,59.0,92.0,74.0,4.0,Élevée,Économie et société,Non,67.0
NS10244,SMP,70.0,88.0,70.0,59.0,49.0,5.0,Très élevée,Informatique,Oui,67.2
NS12813,SMP,65.0,72.0,61.0,66.0,60.0,4.0,Très élevée,Sciences et technologie,Non,64.8
NS10476,LLA,54.0,41.0,46.0,94.0,82.0,2.0,Élevée,Arts et culture,Oui,63.4
NS12785,SVT,74.0,64.0,91.0,78.0,,2.0,Très élevée,Santé et environnement,Non,73.4
NS12843,SVT,60.42172307061796,73.0,92.0,65.0,,3.0,Très élevée,,Oui,73.3
NS12298,LLA,64.0,63.0,57.0,92.0,78.0,3.0,Très élevée,Arts et culture,Oui,70.8
NS12448,SES,56.0,66.0,74.0,73.0,80.0,2.0,Très élevée,Économie et société,Oui,69.8
NS12783,LLA,37.0,35.0,68.0,74.0,,3.0,Moyenne,Lettres et langues,Non,61.4
NS12953,SMP,86.0,73.0,78.0,69.0,,4.0,Élevée,Sciences et technologie,Oui,75.6
NS12982,SMP,72.0,88.0,82.0,64.0,58.0,4.0,Élevée,Informatique,Oui,72.8
NS12159,LLA,48.0,47.0,,89.0,74.0,4.0,Élevée,Lettres et langues,Non,65.0
NS10250,LLA,50.0,43.0,48.0,83.0,70.0,3.0,Élevée,,Non,58.8
NS10413,SES,72.0,68.0,50.0,65.0,86.0,3.0,Moyenne,Économie et société,Non,68.2
NS10545,SES,66.0,44.0,48.0,81.0,81.0,4.0,Très élevée,Sciences et technologie,Oui,64.0
NS11193,SMP,74.0,99.0,61.0,64.0,63.0,5.0,Élevée,Sciences et technologie,Oui,72.2
NS10738,LLA,55.0,37.0,51.0,84.0,60.0,2.0,Très élevée,Lettres et langues,Oui,57.4
NS10310,SMP,,84.0,69.0,54.0,55.0,4.0,Très élevée,Sciences et technologie,Oui,72.4
NS11979,SMP,81.0,75.0,67.0,54.0,48.0,5.0,Très élevée,Sciences et technologie,Oui,65.0
NS10893,LLA,62.0,50.0,50.0,85.0,63.0,2.0,Très élevée,Arts et culture,Non,62.0
NS11131,LLA,68.0,51.0,73.0,90.0,99.0,2.0,Très élevée,Arts et culture,Non,76.2
NS11449,SES,52.0,48.0,57.0,90.0,91.0,3.0,Élevée,Économie et société,Oui,67.6
NS12907,SMP,86.0,81.0,65.0,86.0,50.0,4.0,Élevée,Sciences et technologie,Oui,73.6
NS10015,LLA,61.0,33.0,41.0,84.0,61.0,3.0,Très élevée,Arts et culture,Non,56.0
NS11950,SMP,91.0,74.0,65.0,56.0,75.0,4.0,Élevée,Sciences et technologie,Non,72.2
NS10721,SES,75.0,64.0,50.0,71.41003200541388,98.53463220752764,4.0,Élevée,,Oui,71.8
NS11420,SMP,,88.0,53.0,73.0,49.0,5.0,Très élevée,Sciences et technologie,Oui,67.6
NS12633,SVT,69.0,79.0,91.0,84.0,59.0,3.0,Très élevée,Santé et environnement,Oui,76.4
NS10981,SES,78.0,,59.0,76.0,85.0,3.0,Très élevée,Sciences et technologie,Non,71.4
NS11874,SVT,63.0,67.0,77.0,74.0,,4.0,Élevée,Sciences et technologie,Non,68.6
NS11539,SMP,83.0,89.0,55.0,58.959048599007765,60.43685527040997,5.0,Très élevée,Informatique,Oui,69.3
NS12530,SMP,79.0,88.0,67.0,75.0,74.0,4.0,Très élevée,Informatique,Oui,76.6
NS11550,SVT,68.0,73.0,,70.0,57.0,3.0,Moyenne,Santé et environnement,Oui,68.4
NS12422,SVT,63.0,50.423948344340175,75.0,71.0,84.14643654736675,2.0,Très élevée,Santé et environnement,Non,68.7
NS10363,LLA,55.0,40.0,62.0,100.0,84.0,2.0,Très élevée,Lettres et langues,Non,68.2
NS12768,SVT,70.0,75.0,76.0,55.22071184396446,51.96653889022468,3.0,Élevée,Sciences et technologie,Oui,65.6
NS10182,LLA,52.0,57.0,41.0,86.0,62.0,3.0,Très élevée,Arts et culture,Oui,59.6
NS10985,LLA,78.0,52.0,51.0,82.0,79.0,2.0,Très élevée,Arts et culture,Non,68.4
NS11990,SES,68.0,76.0,68.0,82.0,64.0,2.0,Très élevée,Économie et société,Oui,71.6
NS11194,SMP,81.0,74.0,60.0,67.0,61.0,5.0,Très élevée,Informatique,Oui,68.6
NS11769,LLA,63.0,,43.0,86.0,78.0,3.0,Très élevée,Lettres et langues,Non,65.4
NS11675,SVT,73.0,70.0,70.0,77.0,56.0,3.0,Moyenne,Santé et environnement,Non,69.2
NS11121,SMP,82.0,81.0,67.0,71.0,42.0,4.0,Élevée,Sciences et technologie,Oui,68.6
NS10187,SMP,86.0,71.0,71.0,57.0,53.0,5.0,Moyenne,Informatique,Non,67.6
NS10619,SMP,77.0,71.0,60.0,54.0,73.0,4.0,Moyenne,Sciences et technologie,Oui,67.0
NS11612,SVT,71.0,65.0,93.0,68.0,75.0,4.0,Très élevée,Santé et environnement,Non,74.4
NS11175,SMP,72.0,96.0,61.0,50.0,67.0,3.0,Très élevée,Sciences et technologie,Oui,69.2
NS11182,SVT,69.0,65.0,82.0,77.0,56.0,4.0,Très élevée,Santé et environnement,Oui,69.8
NS12384,SMP,82.0,87.0,67.0,78.0,46.0,5.0,Élevée,Sciences et technologie,Oui,72.0
NS12715,LLA,65.0,57.0,54.0,78.0,79.0,3.0,Très élevée,Arts et culture,Oui,66.6
NS10614,LLA,51.0,54.0,67.0,87.0,76.0,2.0,Très élevée,Lettres et langues,Oui,67.0
NS11513,SVT,63.0,75.0,76.0,73.0,62.0,2.0,Très élevée,Santé et environnement,Oui,69.8
NS11466,SMP,96.0,81.0,57.0,57.0,64.0,5.0,Moyenne,Sciences et technologie,,71.0
NS10401,SMP,98.0,73.0,67.0,,59.0,4.0,Très élevée,Sciences et technologie,Non,73.2
NS10994,SMP,81.0,86.0,75.0,71.0,67.0,5.0,Très élevée,Informatique,Oui,76.0
NS10934,SMP,96.0,77.0,69.0,66.0,60.0,4.0,Très élevée,Informatique,Oui,73.6
NS10371,SMP,98.0,92.0,65.0,82.0,59.0,4.0,Élevée,Sciences et technologie,Oui,79.2
NS11922,SMP,95.0,83.0,72.0,55.0,71.0,3.0,Élevée,Sciences et technologie,Oui,75.2
NS12306,SES,67.0,67.0,94.0,73.0,70.0,4.0,Très élevée,Économie et société,Oui,74.2
NS10593,SMP,69.0,88.0,57.0,78.0,51.0,4.0,Moyenne,Sciences et technologie,Non,68.6
NS11910,SVT,66.0,72.0,80.0,72.0,78.0,3.0,Élevée,Santé et environnement,Oui,73.6
NS10726,LLA,58.0,69.0,60.0,96.0,70.0,4.0,Élevée,Arts et culture,Non,70.6
NS10826,SVT,73.0,79.0,78.0,55.0,59.0,3.0,Élevée,Sciences et technologie,Oui,68.8
NS11674,LLA,54.0,51.0,67.0,100.0,76.0,2.0,Élevée,Lettres et langues,Oui,69.6
NS10687,SVT,81.0,60.0,83.0,63.0,67.0,5.0,Élevée,Santé et environnement,Oui,70.8
NS12215,SMP,82.0,87.0,59.0,75.0,65.0,4.0,Élevée,Sciences et technologie,Oui,73.6
NS10136,SES,66.0,54.0,44.0,77.0,86.0,3.0,Très élevée,Économie et société,Non,65.4
NS12764,SVT,67.0,67.0,84.0,85.0,66.0,3.0,Très élevée,Santé et environnement,Non,73.8
NS10628,LLA,66.0,62.0,62.0,100.0,89.0,3.0,Moyenne,Lettres et langues,Non,75.8
NS10334,SES,70.0,74.0,54.0,70.0,92.0,3.0,Élevée,Sciences et technologie,Oui,72.0
NS10390,SES,69.0,57.0,59.53546074270088,64.47351285207503,82.0,3.0,Élevée,Économie et société,Oui,66.4
NS12309,SVT,77.0,71.0,80.0,77.0,46.0,3.0,Élevée,Santé et environnement,Oui,70.2
NS11109,SMP,96.0,90.0,71.0,68.0,57.0,5.0,Élevée,Sciences et technologie,Oui,76.4
NS11737,SVT,78.0,51.0,84.0,72.0,56.0,3.0,Très élevée,Sciences et technologie,Non,68.2
NS12698,SVT,83.0,64.0,94.0,52.0,58.0,3.0,Très élevée,Santé et environnement,Non,70.2
NS10710,SMP,77.0,92.0,64.0,51.0,53.0,4.0,Élevée,Sciences et technologie,Oui,67.4
NS11039,SVT,69.0,79.0,100.0,69.0,90.0,4.0,Élevée,Santé et environnement,Non,81.4
NS12714,LLA,52.0,54.0,56.0,87.0,81.0,3.0,,Arts et culture,Oui,66.0
NS11850,SES,56.0,59.0,68.0,85.0,72.0,3.0,Élevée,Économie et société,Oui,68.0
NS12595,LLA,50.66342903769807,59.0,46.0,100.0,75.0,3.0,Très élevée,Arts et culture,Non,66.1
NS11561,SES,57.0,60.0,51.0,72.0,,3.0,Très élevée,Économie et société,Oui,62.0
NS12757,SMP,90.0,79.0,58.0,59.0,62.0,4.0,Très élevée,Informatique,Oui,69.6
NS11594,LLA,58.0,51.0,69.0,84.0,81.0,3.0,Moyenne,Lettres et langues,Non,68.6
NS12750,LLA,63.0,63.0,68.6576985539245,100.0,51.22122470900651,2.0,Très élevée,Arts et culture,Non,69.2
NS11112,SVT,59.0,53.0,78.0,68.0,56.0,3.0,Très élevée,Sciences et technologie,Oui,62.8
NS10465,SMP,100.0,54.0,64.0,75.0,65.0,3.0,Élevée,Informatique,Oui,71.6
NS11560,SMP,75.0,72.0,68.0,56.0,69.0,4.0,Élevée,Sciences et technologie,Oui,68.0
NS11223,SVT,59.0,79.0,89.0,80.0,72.0,4.0,Élevée,Sciences et technologie,Oui,75.8
NS11953,SES,68.0,71.0,70.0,88.0,75.0,4.0,Élevée,Sciences et technologie,Non,74.4
NS12966,SES,70.0,60.0,51.0,79.0,79.0,4.0,Très élevée,Économie et société,Oui,67.8
NS12348,SVT,64.0,71.90783956850375,87.0,66.78874215236769,68.0,3.0,Élevée,Santé et environnement,Non,71.5
NS11508,SES,66.0,50.0,65.0,,62.0,4.0,Très élevée,Économie et société,Non,63.4
NS11104,LLA,55.0,41.0,71.0,,77.0,4.0,Très élevée,Lettres et langues,Non,65.2
NS11988,SMP,80.0,75.0,58.0,57.0,63.0,3.0,Élevée,Informatique,Oui,66.6
NS10338,LLA,71.0,45.0,63.0,84.0,82.0,2.0,,Lettres et langues,Non,69.0
NS10215,SVT,73.0,80.0,82.0,59.0,66.0,2.0,,Santé et environnement,Oui,72.0
NS11615,SES,75.0,48.0,64.0,85.0,79.0,3.0,Faible,Sciences et technologie,Oui,70.2
NS11916,SMP,60.75354565746725,69.0,70.0,53.0,51.08404131051921,5.0,Élevée,Informatique,Oui,60.8
NS12514,SMP,71.0,70.0,85.0,87.0,60.0,5.0,Moyenne,Informatique,Oui,74.6
NS12804,SMP,85.0,90.0,74.0,56.0,52.0,4.0,Élevée,Sciences et technologie,Oui,71.4
NS11592,SMP,80.0,80.0,63.0,69.0,69.0,4.0,Moyenne,Informatique,Oui,72.2
NS12240,LLA,58.0,63.0,55.0,79.0,80.0,4.0,Très élevée,Arts et culture,Oui,67.0
NS11684,SMP,92.0,88.0,78.0,64.0,47.0,3.0,Élevée,Sciences et technologie,Oui,73.8
NS12522,SMP,81.0,70.0,69.0,85.0,66.0,5.0,Moyenne,Sciences et technologie,Non,74.2
NS10816,LLA,32.0,37.0,62.0,96.0,72.0,3.0,Élevée,Arts et culture,Non,59.8
NS11067,SMP,74.0,86.0,83.0,84.0,,,Élevée,Informatique,Oui,76.0
NS12003,LLA,71.0,46.0,59.0,82.0,69.0,3.0,,Lettres et langues,Non,65.4
NS10274,SVT,59.0,66.0,84.0,,72.0,3.0,Élevée,Santé et environnement,Non,72.6
NS12244,LLA,70.0,50.0,57.0,90.0,53.0,2.0,Très élevée,Arts et culture,Oui,64.0
NS10865,SMP,76.0,70.0,87.0,65.0,70.0,5.0,Très élevée,Informatique,Non,73.6
NS10101,SMP,71.0,71.0,75.0,73.0,58.0,4.0,Élevée,Sciences et technologie,Oui,69.6
NS11501,SES,74.0,66.0,81.0,77.0,87.0,3.0,Moyenne,Économie et société,Non,77.0
NS12149,SVT,74.0,65.0,91.0,73.0,66.0,4.0,Moyenne,Santé et environnement,Non,73.8
NS10171,SVT,76.0,64.0,91.0,59.0,78.0,3.0,Très élevée,Sciences et technologie,Oui,73.6
NS10107,LLA,59.0,63.0,66.0,98.0,86.0,4.0,Très élevée,Arts et culture,Oui,74.4
NS11862,SVT,75.0,67.0,74.0,76.0,,4.0,Élevée,,Non,71.8
NS11521,SMP,,,67.0,58.0,40.0,5.0,Très élevée,Informatique,Oui,67.8
NS12987,SVT,72.96583771049808,50.0,87.51735109646123,68.0,64.0,3.0,Élevée,Santé et environnement,,68.5
NS12202,SVT,65.0,60.0,83.0,70.0,54.0,4.0,Élevée,Santé et environnement,Oui,66.4
NS12054,SVT,64.0,52.0,86.0,78.0,83.0,4.0,Élevée,,Non,72.6
NS11764,SVT,60.0,78.0,70.0,65.0,63.0,4.0,Très élevée,Santé et environnement,Non,67.2
NS12033,LLA,63.0,45.0,64.0,71.0,64.0,1.0,Très élevée,Arts et culture,Non,61.4
NS11962,SMP,92.0,67.0,64.0,77.0,69.0,4.0,Très élevée,Sciences et technologie,Oui,73.8
NS12250,SES,72.0,67.0,56.0,67.0,73.0,3.0,Très élevée,Économie et société,Oui,67.0
NS12340,SMP,97.0,78.0,64.0,73.0,76.0,4.0,Moyenne,Sciences et technologie,Non,77.6
NS12575,SMP,99.0,79.0,78.0,69.0,63.0,4.0,Élevée,Sciences et technologie,Non,77.6
NS11924,SES,65.0,57.66919465862553,64.0,85.0,78.509593509875,4.0,Élevée,Sciences et technologie,Non,70.0
NS10295,SVT,71.0,77.0,68.0,73.0,63.0,3.0,Moyenne,Sciences et technologie,Non,70.4
NS10712,SMP,70.0,80.59889638849343,58.340506933252826,58.0,62.0,4.0,Très élevée,Informatique,Oui,65.8
NS10072,LLA,41.0,45.0,-10.0,94.0,78.0,3.0,Élevée,Arts et culture,Non,63.6
NS11952,LLA,61.0,54.0,47.0,96.0,92.0,3.0,Élevée,Lettres et langues,Non,70.0
NS12269,SES,49.0,57.0,57.0,87.0,81.0,3.0,Très élevée,Économie et société,Oui,66.2
NS12561,SMP,72.0,96.0,66.0,58.0,71.0,4.0,Très élevée,Informatique,Non,72.6
NS12885,SVT,68.0,52.0,78.0,62.0,60.0,4.0,Élevée,Santé et environnement,Non,64.0
NS10481,SVT,63.0,58.0,79.0,65.0,70.0,4.0,Très élevée,Santé et environnement,Non,67.0
NS12218,SVT,80.0,84.0,97.0,73.0,83.0,4.0,Élevée,Santé et environnement,Non,83.4
NS11530,SVT,61.0,78.0,96.0,63.0,52.0,4.0,Très élevée,Santé et environnement,Non,70.0
NS12115,SVT,67.0,55.0,91.0,61.0,67.0,2.0,Très élevée,Sciences et technologie,Non,68.2
NS11514,SMP,81.0,69.79306198238926,68.60109575088987,66.0,64.0,5.0,Très élevée,Sciences et technologie,Oui,69.9
NS12960,LLA,75.0,50.0,60.0,89.0,85.0,2.0,Très élevée,Lettres et langues,Non,71.8
NS11490,LLA,65.0,50.0,55.0,90.0,76.0,3.0,,Lettres et langues,Non,67.2
NS11171,SES,83.0,71.0,52.0,57.82843606370122,95.01648215353742,2.0,Très élevée,Économie et société,Non,71.8
NS12452,SVT,72.0,60.0,93.0,69.0,58.0,3.0,Élevée,Sciences et technologie,Oui,70.4
NS12429,LLA,59.0,42.0,49.0,88.0,65.0,2.0,Élevée,Lettres et langues,Oui,60.6
NS12073,SMP,87.0,78.0,61.0,70.0,60.0,3.0,Moyenne,Sciences et technologie,Non,71.2
NS12216,LLA,63.0,54.0,72.0,80.0,67.0,,Moyenne,Arts et culture,Oui,67.2
NS12271,LLA,59.0,59.0,57.0,88.0,74.0,3.0,Très élevée,Lettres et langues,Non,67.4
NS10405,SES,83.0,54.0,60.0,61.0,85.0,4.0,Élevée,Économie et société,Non,68.6
NS10757,LLA,57.0,36.0,54.0,84.0,70.0,2.0,Très élevée,Arts et culture,Non,60.2
NS11956,SVT,69.17095083898701,,79.0,54.75817290179057,72.0,3.0,Très élevée,Sciences et technologie,Non,69.8
NS12184,SVT,66.0,58.0,82.0,61.0,58.0,5.0,Très élevée,Santé et environnement,Non,65.0
NS11951,LLA,71.0,54.0,51.0,75.0,81.0,3.0,Très élevée,Arts et culture,Oui,66.4
NS10097,LLA,48.0,45.0,71.0,86.0,71.0,2.0,Très élevée,Lettres et langues,Non,64.2
NS11333,SES,74.0,35.0,63.0,64.0,93.0,4.0,Très élevée,Sciences et technologie,Non,65.8
NS12389,SVT,71.0,70.0,91.0,73.0,80.0,3.0,Très élevée,Santé et environnement,Oui,77.0
NS10743,SMP,96.0,97.0,76.0,61.0,74.0,5.0,Élevée,,,80.8
NS10806,SES,71.0,59.0,70.0,52.0,94.0,3.0,Élevée,Économie et société,Non,69.2
NS12769,SVT,76.0,70.0,79.0,78.0,55.0,4.0,Élevée,Santé et environnement,Oui,71.6
NS11896,SMP,85.0,70.80310686125804,53.0,56.0,55.56859340875189,5.0,Élevée,Sciences et technologie,Oui,64.1
NS12499,SES,59.0,59.0,53.0,90.0,83.0,3.0,Élevée,Économie et société,Non,68.8
NS11535,SVT,80.0,61.0,99.0,67.0,60.0,3.0,Élevée,Santé et environnement,Non,73.4
NS12050,SMP,84.0,62.0,74.0,72.0,64.0,3.0,Très élevée,Informatique,Oui,71.2
NS12010,SMP,87.0,67.0,64.0,62.0,69.0,3.0,Moyenne,Informatique,Oui,69.8
NS10148,SMP,76.0,77.0,72.0,72.0,66.0,4.0,Moyenne,Sciences et technologie,Oui,72.6
NS12554,SES,53.7043070653677,61.0,60.48713391838415,68.0,85.0,3.0,Élevée,Sciences et technologie,Oui,65.6
NS12053,SVT,63.0,64.0,68.0,83.0,78.0,3.0,Élevée,Sciences et technologie,Non,71.2
NS11902,LLA,46.0,33.0,,82.0,73.0,2.0,,Arts et culture,Non,60.2
NS11315,LLA,64.0,47.0,58.0,69.0,78.0,3.0,Très élevée,Arts et culture,Oui,63.2
NS10692,LLA,61.0,44.0,56.0,100.0,83.0,2.0,Très élevée,Arts et culture,Non,68.8
NS10818,SMP,86.0,86.0,67.0,74.0,73.0,3.0,Élevée,Sciences et technologie,Oui,77.2
NS11728,SVT,64.0,61.0,88.0,80.0,79.0,3.0,Très élevée,Santé et environnement,Oui,74.4
NS11386,SMP,76.0,74.0,73.0,65.0,48.0,5.0,Moyenne,Sciences et technologie,Oui,67.2
NS12281,SVT,89.0,87.0,85.0,66.0,76.0,5.0,Élevée,Santé et environnement,Non,80.6
NS12733,SMP,95.0,72.0,68.0,92.0,66.0,5.0,Élevée,,Oui,78.6
NS11599,SVT,74.0,71.0,70.0,70.0,77.0,4.0,Très élevée,Sciences et technologie,Non,72.4
NS12610,SVT,79.0,,75.0,72.0,68.0,,Élevée,Sciences et technologie,Oui,73.6
NS12457,SMP,88.0,91.0,79.0,61.0,73.0,4.0,Très élevée,Sciences et technologie,Non,78.4
NS10701,SMP,89.0,90.0,73.0,61.0,67.0,3.0,Élevée,Sciences et technologie,Oui,76.0
NS11878,SVT,77.0,81.0,78.0,85.0,73.0,3.0,Élevée,Santé et environnement,Non,78.8
NS12656,SVT,76.3778957625514,55.730638001083896,85.0,80.0,55.0,5.0,,,Non,70.4
NS10921,SVT,,68.0,90.0,,61.0,3.0,Élevée,Sciences et technologie,Oui,67.8
NS11424,SVT,73.0,58.0,88.0,55.0,68.0,5.0,Très élevée,Sciences et technologie,Non,68.4
NS11708,SES,67.0,57.0,60.0,78.0,75.0,4.0,Très élevée,Économie et société,Non,67.4
NS10905,LLA,57.0,59.0,47.0,88.0,88.0,2.0,Très élevée,Lettres et langues,Non,67.8
NS10454,SVT,65.0,74.0,94.0,77.0,49.0,3.0,Très élevée,,Oui,71.8
NS12185,SES,69.0,46.0,41.0,71.0,72.0,2.0,Très élevée,Sciences et technologie,Non,59.8
NS12304,SVT,62.0,71.0,75.0,59.0,78.0,4.0,Élevée,Santé et environnement,Non,69.0
NS11771,SMP,90.0,84.0,65.0,74.0,73.0,5.0,Élevée,Sciences et technologie,Oui,77.2
NS10167,SMP,84.0,86.0,60.0,79.0,50.0,2.0,Très élevée,Sciences et technologie,Oui,71.8
NS10730,SES,62.0,49.0,71.0,81.0,78.0,2.0,Très élevée,Économie et société,Oui,68.2
NS12188,SVT,68.0,69.0,96.0,54.0,76.0,3.0,Élevée,Santé et environnement,Oui,72.6
NS11310,LLA,59.0,49.0,50.0,93.0,77.0,2.0,Très élevée,Lettres et langues,Oui,65.6
NS10026,SMP,90.0,87.0,73.0,55.0,47.0,4.0,Très élevée,Sciences et technologie,Oui,70.4
NS12059,LLA,62.0,50.0,51.0,89.0,81.0,2.0,Élevée,Arts et culture,Non,66.6
NS11652,SES,75.0,48.0,68.0,77.0,78.0,3.0,Élevée,Sciences et technologie,Non,69.2
NS11622,SMP,75.0,88.0,54.0,49.0,59.0,5.0,Très élevée,Sciences et technologie,Oui,65.0
NS10587,LLA,59.0,56.0,55.0,82.0,80.0,4.0,Élevée,Lettres et langues,Oui,66.4
NS12016,SVT,74.0,90.0,,56.0,68.0,3.0,Élevée,Sciences et technologie,Non,72.0
NS10997,SMP,86.0,95.0,77.0,54.0,58.0,4.0,Très élevée,Sciences et technologie,Oui,74.0
NS11176,LLA,55.0,69.0,63.0,97.0,69.0,3.0,Moyenne,Lettres et langues,Non,70.6
NS11700,SMP,75.0,80.0,84.0,68.0,49.0,4.0,Élevée,Sciences et technologie,Oui,71.2
NS11040,LLA,50.0,56.0,72.0,87.0,86.0,4.0,Très élevée,Arts et culture,Non,70.2
NS10033,SES,56.0,72.0,63.0,67.0,80.0,4.0,Très élevée,Économie et société,Non,67.6
NS11809,SMP,85.0,73.0,58.0,59.0,70.0,3.0,Très élevée,,Oui,69.0
NS12626,SVT,65.0,63.0,79.0,78.0,64.0,2.0,Très élevée,Santé et environnement,Oui,69.8
NS11379,SMP,85.0,,59.0,68.0,60.0,4.0,Très élevée,Sciences et technologie,Oui,68.6
NS10041,SVT,92.0,57.0,80.0,68.0,64.0,3.0,Élevée,Santé et environnement,Non,72.2
NS11791,SVT,58.0,70.0,83.0,62.0,81.0,3.0,Élevée,Sciences et technologie,Non,70.8
NS12189,SES,83.0,46.0,54.0,89.0,75.0,3.0,Très élevée,Économie et société,Oui,69.4
NS12606,SVT,76.0,76.0,97.0,83.0,57.0,3.0,Très élevée,Santé et environnement,Non,77.8
NS11972,SMP,80.0,86.0,62.0,,67.0,5.0,Élevée,Sciences et technologie,Non,73.8
NS12289,LLA,55.0,,72.0,92.0,81.0,4.0,Très élevée,Lettres et langues,Non,68.8
NS11925,SVT,64.0,75.0,92.0,67.0,67.0,4.0,Élevée,Santé et environnement,Oui,73.0
NS10609,SES,67.0,63.0,65.0,77.0,83.0,3.0,Très élevée,Économie et société,Oui,71.0
NS11132,SES,66.0,45.0,61.0,64.0,72.0,4.0,Très élevée,Économie et société,Non,61.6
NS10028,SVT,73.0,89.0,94.0,60.0,74.0,4.0,Très élevée,Sciences et technologie,Non,78.0
NS10441,SVT,72.0,61.0,74.0,64.0,70.0,4.0,Très élevée,Santé et environnement,Non,68.2
NS12355,LLA,60.0,43.0,58.0,72.0,63.0,3.0,Moyenne,Lettres et langues,Oui,59.2
NS12798,SVT,66.0,66.0,99.0,67.0,77.0,2.0,Très élevée,Santé et environnement,Oui,75.0
NS10493,SES,71.0,65.0,71.67563729731265,63.0,89.1499389744356,3.0,Très élevée,Sciences et technologie,Non,72.0
NS11258,SES,65.0,66.0,51.0,77.0,85.0,3.0,Très élevée,Sciences et technologie,Non,68.8
NS11301,LLA,53.0,45.0,62.0,94.0,63.0,3.0,Élevée,Arts et culture,Non,63.4
NS12365,LLA,56.0,34.0,52.0,89.0,96.0,2.0,Élevée,Lettres et langues,Non,65.4
NS11382,LLA,68.0,54.0,60.0,,77.0,3.0,Très élevée,Lettres et langues,Oui,70.4
NS11304,LLA,61.0,44.0,53.0,89.0,64.0,2.0,Très élevée,Lettres et langues,Non,62.2
NS10236,SVT,,75.0,87.0,68.0,56.0,4.0,Très élevée,,Non,72.4
NS10551,SMP,73.0,66.0,62.0,59.0,61.0,4.0,Élevée,Sciences et technologie,Oui,64.2
NS10520,SES,68.0,72.0,62.0,62.0,76.0,4.0,Très élevée,Économie et société,Non,68.0
NS12446,SES,54.0,56.0,74.0,75.0,73.0,3.0,Très élevée,Sciences et technologie,Oui,66.4
NS11232,SMP,88.0,82.0,72.0,72.0,60.0,3.0,Très élevée,Sciences et technologie,Oui,74.8
NS11138,SES,65.0,45.0,57.0,78.0,81.0,3.0,Très élevée,Économie et société,Oui,65.2
NS10720,LLA,73.0,42.0,63.0,71.0,77.0,3.0,,Lettres et langues,Oui,65.2
NS10735,SVT,69.0,65.0,88.0,78.0,66.0,3.0,Très élevée,Sciences et technologie,Non,73.2
NS12653,SVT,64.0,73.0,100.0,57.0,68.0,4.0,Moyenne,Sciences et technologie,Non,72.4
NS11750,SMP,75.0,68.8778531114269,64.0,66.99292907533926,61.0,5.0,Moyenne,Sciences et technologie,Oui,67.2
NS10058,SMP,93.0,70.0,69.0,65.0,61.0,5.0,Moyenne,Informatique,Oui,71.6
NS10631,SES,80.0,45.0,55.0,94.0,70.0,4.0,Moyenne,Sciences et technologie,Non,68.8
NS11181,SES,74.0,59.0,76.0,92.0,84.0,4.0,Très élevée,Économie et société,Oui,77.0
NS12203,SMP,68.0,73.0,82.0,59.0,54.0,4.0,Moyenne,Sciences et technologie,Oui,67.2
NS10592,LLA,63.0,68.0,62.0,80.0,68.0,4.0,Très élevée,Lettres et langues,Non,68.2
NS11303,LLA,63.58264258910073,35.0,47.0,74.13215826096062,69.0,4.0,Élevée,Arts et culture,Non,57.7
NS11387,SES,69.0,70.0,42.0,69.0,76.0,2.0,Très élevée,Économie et société,Oui,65.2
NS12615,SMP,95.0,87.0,64.0,62.0,58.0,4.0,Élevée,Sciences et technologie,Oui,73.2
NS12630,SES,83.0,45.0,45.0,81.0,85.0,4.0,Élevée,Économie et société,Oui,67.8
NS11845,LLA,64.0,53.0,61.0,98.0,82.0,2.0,Très élevée,Arts et culture,Oui,71.6
NS10939,SVT,,74.0,80.0,60.0,54.0,4.0,Moyenne,Santé et environnement,Oui,69.0
NS12788,SVT,79.0,56.0,71.0,68.0,60.0,4.0,Élevée,Santé et environnement,Non,66.8
NS11249,SES,81.0,73.0,61.0,72.0,98.0,2.0,Élevée,Sciences et technologie,Non,77.0
NS10904,SMP,87.0,90.0,68.0,63.0,73.0,4.0,Très élevée,Sciences et technologie,Oui,76.2
NS12543,LLA,63.0,49.0,49.0,79.0,75.0,3.0,Très élevée,Arts et culture,Non,63.0
NS11279,SES,67.0,50.0,79.0,78.0,,5.0,Élevée,Sciences et technologie,Non,71.4
NS12402,SMP,82.0,67.0,74.0,60.0,58.0,5.0,Élevée,Sciences et technologie,Non,68.2
NS12959,LLA,53.0,54.0,55.0,100.0,,2.0,Élevée,Lettres et langues,Non,67.2
NS12126,SMP,93.0,86.0,87.0,66.0,70.0,3.0,Très élevée,,Oui,80.4
NS12387,SVT,68.0,67.0,87.0,80.0,,4.0,Très élevée,Santé et environnement,Non,76.6
NS12042,SVT,67.53453844876314,,100.0,72.0,56.87908997199992,3.0,Élevée,Santé et environnement,Oui,71.7
NS11142,LLA,53.0,60.0,65.0,100.0,72.0,2.0,Très élevée,Lettres et langues,Non,70.0
NS12381,LLA,42.0,46.0,,73.0,82.0,3.0,Très élevée,Lettres et langues,Non,58.8
NS10706,SVT,69.0,,84.0,79.0,,2.0,Élevée,Santé et environnement,Oui,73.8
NS12641,SES,76.0,63.0,65.0,66.0,89.0,3.0,,Sciences et technologie,Oui,71.8
NS11022,SMP,99.0,83.0,58.0,67.0,,4.0,Élevée,Informatique,Oui,72.2
NS10745,SES,,58.0,74.0,85.0,80.0,4.0,Très élevée,Économie et société,Oui,69.2
NS11546,LLA,67.0,51.0,62.0,99.0,,2.0,Très élevée,Lettres et langues,Non,72.4
NS12357,SES,64.0,47.0,68.0,68.0,,3.0,Très élevée,Sciences et technologie,Oui,67.4
NS12046,SES,64.0,51.0,,72.0,73.0,2.0,Très élevée,Économie et société,Non,65.0
NS10513,SMP,92.0,92.0,60.0,62.0,87.0,4.0,,Informatique,,78.6
NS10081,SES,115.0,63.0,54.0,62.0,76.0,3.0,Moyenne,,Non,65.2
NS12661,SVT,71.0,69.0,95.0,77.0,64.0,3.0,Élevée,Sciences et technologie,Oui,75.2
NS11308,LLA,69.0,55.0,80.0,83.0,75.0,2.0,,Lettres et langues,Oui,72.4
NS12495,LLA,69.69692426284038,55.0,50.0,78.99819763365878,95.0,1.0,Élevée,Arts et culture,Non,69.7
NS10914,SVT,65.0,,98.0,59.0,60.0,4.0,Très élevée,Sciences et technologie,Oui,69.8
NS11404,SVT,82.0,,83.0,49.0,60.0,4.0,Très élevée,Santé et environnement,Non,66.4
NS11647,SES,67.0,47.0,57.0,78.0,70.0,2.0,Élevée,Économie et société,Non,63.8
NS12760,LLA,,44.0,62.0,91.0,64.0,2.0,Très élevée,Arts et culture,Non,59.8
NS11108,SES,76.0,53.0,61.0,77.0,83.0,4.0,Très élevée,Économie et société,Non,70.0
NS10150,LLA,50.0,44.0,71.0,86.0,77.0,4.0,Très élevée,Arts et culture,Oui,65.6
NS12726,SES,82.0,63.0,45.0,87.0,58.0,4.0,Très élevée,Économie et société,Oui,67.0
NS10774,SVT,60.0,68.0,85.0,77.0,82.0,3.0,Moyenne,Santé et environnement,Non,74.4
NS10329,LLA,55.0,54.0,43.0,91.0,79.0,3.0,Élevée,,Non,64.4
NS10006,LLA,51.0,67.0,47.0,93.0,,5.0,Élevée,Arts et culture,Non,64.6
NS10943,SMP,92.0,87.0,63.0,64.0,58.0,4.0,Élevée,Sciences et technologie,Non,72.8
NS10822,SMP,82.0,72.0,49.0,64.0,52.0,5.0,Élevée,Sciences et technologie,Non,63.8
NS10734,SMP,66.0,93.0,67.0,59.0,73.0,4.0,Moyenne,Sciences et technologie,Oui,71.6
NS10909,LLA,53.0,53.0,70.0,73.0,73.0,,Moyenne,Arts et culture,Oui,64.4
NS10468,SMP,85.0,82.0,68.0,75.0,52.0,5.0,Élevée,Sciences et technologie,Oui,72.4
NS10181,SES,72.0,50.0,39.0,77.0,85.0,,,,Oui,64.6
NS10164,SVT,58.0,58.0,67.0,69.0,60.0,3.0,Très élevée,Santé et environnement,Oui,62.4
NS11523,SES,80.0,57.0,53.0,82.0,69.0,3.0,Élevée,Sciences et technologie,Non,68.2
NS10451,SMP,88.0,74.0,82.0,70.0,60.0,4.0,Élevée,Sciences et technologie,Oui,74.8
NS10490,SES,68.0,,56.0,57.0,74.0,5.0,Élevée,Sciences et technologie,Non,61.6
NS12004,LLA,73.0,35.0,75.0,94.0,72.0,3.0,Très élevée,Arts et culture,Non,69.8
NS11143,SMP,87.0,78.0,84.0,84.0,64.0,4.0,Élevée,Informatique,Non,79.4
NS11311,LLA,57.0,49.0,53.0,84.0,100.0,2.0,Très élevée,Arts et culture,Non,68.6
NS12242,SVT,61.0,61.0,83.0,54.0,66.0,4.0,Moyenne,Santé et environnement,Non,65.0
NS11111,LLA,63.0,66.0,67.0,78.0,86.0,4.0,Très élevée,Lettres et langues,Non,72.0
NS12854,SES,70.0,44.0,52.0,83.0,76.0,3.0,Très élevée,Sciences et technologie,Non,65.0
NS11977,LLA,46.0,55.0,62.0,88.0,84.0,3.0,Élevée,Lettres et langues,Non,67.0
NS11441,SMP,94.0,78.0,68.0,62.0,65.0,5.0,Élevée,Informatique,Oui,73.4
NS11889,LLA,62.0,46.0,67.0,95.0,72.0,2.0,Très élevée,Arts et culture,Non,68.4
NS11006,LLA,44.0,43.0,56.0,75.0,66.0,3.0,Très élevée,Arts et culture,Non,56.8
NS11627,SES,74.0,67.0,43.0,85.0,81.0,3.0,Élevée,Économie et société,Oui,70.0
NS11632,SMP,91.0,78.63556034076761,59.0,62.849291842722536,60.0,5.0,Moyenne,Informatique,Non,70.3
NS11074,SVT,56.0,55.0,100.0,77.0,53.0,3.0,,Sciences et technologie,Non,68.2
NS10578,SMP,88.0,95.0,71.0,82.0,71.0,5.0,Moyenne,Sciences et technologie,Oui,81.4
NS12727,SVT,68.0,63.0,98.0,73.0,63.0,3.0,Élevée,Santé et environnement,Oui,73.0
NS12345,SVT,84.0,52.0,,59.0,68.0,3.0,Élevée,Santé et environnement,Non,71.6
NS12263,LLA,55.0,51.0,53.0,85.0,76.0,2.0,Élevée,Arts et culture,Oui,64.0
NS12302,SES,61.0,61.51378069347155,73.94069854615664,93.0,73.0,3.0,Élevée,Économie et société,Oui,72.5
NS10327,SVT,72.0413044545228,77.0,60.0,75.0,72.69918381477362,1.0,,Santé et environnement,Non,71.3
NS11790,SES,80.0,63.0,46.0,73.0,90.0,3.0,Très élevée,Sciences et technologie,Oui,70.4
NS10442,LLA,61.0,48.0,75.0,81.0,65.0,3.0,Très élevée,Lettres et langues,Oui,66.0
NS11858,SVT,72.0,61.0,84.0,81.0,83.0,4.0,Très élevée,Sciences et technologie,Non,76.2
NS12170,SMP,83.0,85.0,63.0,67.0,46.0,3.0,Élevée,Informatique,Oui,68.8
NS12832,LLA,65.0,51.0,58.0,81.0,70.0,1.0,Élevée,Lettres et langues,Non,65.0
NS10832,SVT,79.0,75.0,79.0,63.0,54.0,3.0,Très élevée,Santé et environnement,Oui,70.0
NS12374,LLA,44.0,54.0,49.0,74.0,82.0,3.0,Élevée,Lettres et langues,Oui,60.6
NS12103,LLA,63.0,62.0,64.0,87.0,89.0,2.0,Très élevée,Lettres et langues,Non,73.0
NS11414,SES,72.0,69.0,55.0,85.0,75.0,3.0,Très élevée,Économie et société,Non,71.2
NS11201,SVT,68.0,71.0,97.0,75.0,51.0,4.0,Élevée,Santé et environnement,Oui,72.4
NS12314,LLA,61.0,59.0,57.0,77.0,76.0,2.0,Très élevée,Lettres et langues,Oui,66.0
NS11499,LLA,,51.0,54.0,88.0,83.0,2.0,Élevée,Arts et culture,Oui,64.8
NS12877,LLA,48.0,45.0,52.0,86.0,66.0,2.0,Très élevée,Lettres et langues,Non,59.4
NS10086,SVT,67.0,58.0,78.0,54.0,77.0,2.0,Élevée,Santé et environnement,Non,66.8
NS11403,SMP,84.0,96.0,66.0,77.0,79.0,4.0,Élevée,Informatique,Oui,80.4
NS12926,LLA,61.0,42.0,56.0,95.0,92.0,2.0,Très élevée,Arts et culture,Non,69.2
NS11481,SMP,,68.0,82.0,66.0,54.0,3.0,,Sciences et technologie,Oui,66.6
NS10777,SES,65.0,47.0,66.0,75.14881406713891,64.0660258718408,4.0,Élevée,Économie et société,Non,63.4
NS10799,SVT,,81.0,85.0,72.0,65.0,3.0,Élevée,Santé et environnement,Oui,71.2
NS11666,SVT,66.0,67.91948047689817,71.717434626015,63.0,83.0,3.0,Élevée,Santé et environnement,Oui,70.3
NS10054,SVT,67.0,54.0,86.0,70.0,69.0,3.0,Très élevée,Sciences et technologie,Oui,69.2
NS12362,SES,78.0,51.0,56.0,80.0,84.0,3.0,Élevée,Sciences et technologie,Non,69.8
NS11287,SMP,85.0,87.0,69.0,72.0,69.0,4.0,Très élevée,Informatique,Oui,76.4
NS11667,SMP,76.0,79.0,56.0,,51.0,4.0,Élevée,Informatique,Non,64.8
NS12586,SMP,86.0,83.35021269865143,76.0,66.0,69.73395694008403,5.0,Élevée,Informatique,Oui,76.2
NS12154,SVT,82.0,71.0,76.0,81.0,54.0,4.0,Très élevée,Santé et environnement,Non,72.8
NS11701,SVT,66.0,69.0,72.0,82.0,79.0,4.0,Très élevée,Santé et environnement,Oui,73.6
NS11245,LLA,65.0,52.0,,94.0,,3.0,Très élevée,Arts et culture,Non,69.6
NS10113,SMP,81.0,100.0,70.0,69.0,61.0,5.0,Élevée,Sciences et technologie,,76.2
NS12806,SES,58.0,57.0,68.0,72.0,84.0,,Très élevée,Sciences et technologie,Non,67.8
NS10987,LLA,47.0,62.0,62.0,100.0,80.0,2.0,Très élevée,Lettres et langues,Non,70.2
NS10501,SMP,94.0,77.0,64.0,50.0,61.0,5.0,Élevée,Sciences et technologie,Oui,69.2
NS12891,SVT,70.0,57.0,89.0,81.0,60.0,3.0,Très élevée,Santé et environnement,Oui,71.4
NS11009,SMP,75.0,77.0,61.0,75.0,73.0,3.0,Élevée,Sciences et technologie,Oui,72.2
NS11198,SMP,98.0,71.0,82.0,66.0,68.0,5.0,Très élevée,Sciences et technologie,Oui,77.0
NS11394,LLA,58.0,52.0,68.0,94.0,80.0,2.0,Très élevée,Arts et culture,Non,70.4
NS10589,SVT,80.0,64.0,86.0,66.0,75.0,5.0,Très élevée,Santé et environnement,Oui,74.2
NS10768,SMP,,76.0,60.0,89.0,49.0,4.0,Moyenne,Informatique,Oui,71.0
NS10017,SVT,76.0,85.0,72.81514036786398,55.87898147533423,70.0,3.0,Élevée,Santé et environnement,Oui,71.9
NS11042,SES,73.0,54.0,52.0,64.0,95.0,4.0,Très élevée,Sciences et technologie,Non,67.6
NS11447,SES,60.0,38.0,48.0,61.0,83.0,4.0,Très élevée,Sciences et technologie,Non,58.0
NS12463,SES,63.04003119381471,55.9097107360047,,86.0,87.0,3.0,Élevée,Économie et société,Oui,71.0
NS10285,LLA,45.0,51.0,53.0,84.0,82.0,2.0,Très élevée,Lettres et langues,Oui,63.0
NS12638,SVT,74.0,59.0,81.0,65.0,71.0,3.0,Très élevée,Santé et environnement,Oui,70.0
NS10428,LLA,42.0,51.0,48.0,85.0,79.0,3.0,Très élevée,Lettres et langues,Oui,61.0
NS11328,SES,71.42446697742297,79.0,63.327170325783406,69.0,73.0,5.0,Élevée,Économie et société,Non,71.2
NS11948,LLA,,50.0,49.0,81.0,,3.0,Très élevée,Arts et culture,Non,61.6
NS10669,SVT,70.0,63.0,61.0,79.0,74.0,,Élevée,Sciences et technologie,Non,69.4
NS10031,LLA,81.0,66.0,50.0,84.0,66.0,1.0,Élevée,Lettres et langues,Oui,69.4
NS11341,SMP,85.32002723952266,89.0,52.883723182474725,59.0,61.0,4.0,,Sciences et technologie,Oui,69.4
NS10722,LLA,53.0,54.0,55.0,84.0,69.0,4.0,Très élevée,Lettres et langues,Non,63.0
NS10951,SMP,84.0,82.0,,67.0,72.0,3.0,Élevée,Sciences et technologie,Oui,71.6
NS11914,SMP,80.0,82.0,69.0,85.0,51.0,4.0,Moyenne,Sciences et technologie,Oui,73.4
NS12293,SMP,83.0,81.0,,73.0,62.0,4.0,Très élevée,Sciences et technologie,Non,73.4
NS10214,SMP,90.0,100.0,64.0,60.0,78.0,4.0,Élevée,Sciences et technologie,Oui,78.4
NS10989,SES,39.91098298545948,68.0,61.0,80.0,73.0317122546002,4.0,Très élevée,Sciences et technologie,Oui,64.4
NS11164,SMP,81.0,92.0,62.0,63.0,65.0,5.0,Très élevée,Sciences et technologie,,72.6
NS12792,SES,78.0,50.0,63.0,74.0,79.0,,Très élevée,Économie et société,Non,68.8
NS12005,LLA,48.0,37.0,59.0,74.0,90.0,3.0,Élevée,Arts et culture,Oui,61.6
NS10326,SVT,45.39748674784853,79.0,98.0,69.95005079653077,70.0,3.0,Moyenne,Sciences et technologie,Oui,72.5
NS10560,LLA,49.0,56.0,71.0,74.0,83.0,3.0,Très élevée,Lettres et langues,Non,66.6
NS11383,SVT,78.0,73.0,95.0,68.0,59.0,3.0,Très élevée,Santé et environnement,Non,74.6
NS11724,SMP,67.0,80.0,68.0,60.0,57.0,4.0,Moyenne,Informatique,Non,66.4
NS11086,SVT,,84.0,70.0,84.0,77.0,4.0,Moyenne,Santé et environnement,Non,75.4
NS12683,LLA,58.0,48.0,54.0,79.0,,2.0,Élevée,Lettres et langues,Oui,61.2
NS10341,LLA,55.0,59.0,72.0,94.0,78.0,2.0,Très élevée,Arts et culture,Non,71.6
NS11653,LLA,33.0,56.0,70.0,100.0,75.0,4.0,Élevée,Arts et culture,Oui,66.8
NS10147,SVT,64.0,58.0,85.0,59.0,64.0,2.0,Élevée,Sciences et technologie,Oui,66.0
NS12339,SVT,69.0,65.0,85.0,78.0,73.0,3.0,Élevée,Sciences et technologie,Oui,74.0
NS12412,SES,63.0,64.0,75.0,87.0,79.0,2.0,Élevée,Économie et société,Oui,73.6
NS11107,SMP,77.0,89.0,60.0,72.0,70.0,5.0,Moyenne,Informatique,Non,73.6
NS10848,LLA,65.7318442436135,54.0,50.0,77.0,71.37758616249651,3.0,Moyenne,Lettres et langues,Oui,63.6
NS10966,SVT,76.0,63.0,77.0,87.0,62.0,3.0,Très élevée,Santé et environnement,Oui,73.0
NS11072,SMP,83.0,95.0,,54.0,58.0,5.0,Élevée,Informatique,Non,69.2
NS12464,SVT,68.0,73.0,82.0,75.0,,4.0,Moyenne,Sciences et technologie,Non,73.0
NS11905,SES,71.0,63.081839295553046,64.19429797504749,75.0,89.0,4.0,Très élevée,Économie et société,Oui,72.5
NS10155,SMP,83.0,82.0,68.0,64.0,64.0,4.0,Élevée,Sciences et technologie,Oui,72.2
NS10665,SMP,97.0,84.0,,53.0,53.0,4.0,,Sciences et technologie,Oui,69.8
NS10661,SES,70.0,56.0,59.0,72.0,74.0,3.0,Très élevée,,Oui,66.2
NS11002,SES,63.0,55.0,57.0,81.0,74.0,5.0,Très élevée,Économie et société,Non,66.0
NS12341,SES,59.0,61.0,54.0,77.0,80.0,3.0,Moyenne,Économie et société,Non,66.2
NS12516,SMP,62.23558241560126,78.0,60.0,64.32745886542246,60.0,5.0,Élevée,Sciences et technologie,Non,64.9
NS10176,LLA,62.0,50.0,55.81760081018185,66.0,58.52539192571932,3.0,Élevée,Arts et culture,Non,58.5
NS12654,SVT,69.0,60.0,83.0,67.0,,3.0,Élevée,Sciences et technologie,Oui,69.2
NS11879,SES,76.0,54.0,63.0,,87.0,4.0,Très élevée,Sciences et technologie,Non,72.6
NS11524,LLA,59.0,49.0,71.0,96.0,87.0,3.0,Très élevée,Lettres et langues,Non,72.4
NS12817,SVT,66.0,86.0,74.0,63.0,66.0,3.0,Moyenne,Sciences et technologie,Oui,71.0
NS11203,SES,69.0,69.47756365256895,63.0,55.0,100.0,2.0,Élevée,Économie et société,Oui,71.3
NS10024,SVT,70.0,65.0,78.0,74.0,70.0,3.0,Élevée,Sciences et technologie,Oui,71.4
NS12810,SMP,98.0,73.0,73.0,65.0,63.0,5.0,Moyenne,Informatique,Non,74.4
NS12809,LLA,46.0,53.0,56.0,82.0,89.0,3.0,Élevée,Lettres et langues,,65.2
NS12077,SVT,,77.0,88.0,64.0,62.0,3.0,Très élevée,Santé et environnement,Non,73.4
NS12299,SMP,89.0,76.0,60.0,,54.0,5.0,Élevée,Sciences et technologie,Non,71.0
NS10875,SVT,70.0,65.0,89.0,74.0,52.0,4.0,Faible,Sciences et technologie,Oui,70.0
NS12899,SVT,67.0,70.0,88.0,66.0,,,Très élevée,Santé et environnement,Oui,74.8
NS10938,SVT,,60.89918999482225,96.0,65.0,63.0,3.0,Élevée,,Oui,68.7
NS12697,SES,66.0,51.0,57.0,67.0,81.0,4.0,Très élevée,Économie et société,Oui,64.4
NS11552,SVT,71.0,55.0,,82.0,67.0,2.0,Très élevée,Sciences et technologie,Oui,71.0
NS10346,SES,92.0,,55.0,69.0,90.0,4.0,Très élevée,Économie et société,Oui,73.4
NS12507,SVT,73.0,54.0,88.0,64.0,63.0,3.0,Élevée,Santé et environnement,Oui,68.4
NS12971,SVT,70.0,59.0,81.0,81.0,70.0,3.0,Élevée,Sciences et technologie,Oui,72.2
NS12037,SES,57.0,62.0,61.0,80.0,92.0,3.0,Moyenne,Économie et société,Non,70.4
NS11926,SES,46.0,60.0,70.0,81.0,76.0,4.0,Très élevée,Économie et société,Non,66.6
NS10385,SVT,72.0,,88.0,89.0,56.0,3.0,Moyenne,Santé et environnement,Oui,71.6
NS11829,SMP,59.0,86.0,53.0,55.0,72.0,5.0,Très élevée,Sciences et technologie,Oui,65.0
NS12161,SMP,75.0,85.0,72.0,58.0,67.0,4.0,Très élevée,Informatique,Non,71.4
NS12508,SMP,100.0,61.0,64.0,56.0,52.0,4.0,Élevée,Sciences et technologie,Oui,66.6
NS12196,SMP,98.0,79.0,66.0,70.0,58.0,4.0,Élevée,Sciences et technologie,Non,74.2
NS10243,SVT,64.0,65.0,85.0,47.0,71.0,4.0,Élevée,,Oui,66.4
NS12086,SES,68.0,62.0,64.0,72.0,66.0,3.0,Élevée,Sciences et technologie,Oui,66.4
NS11826,SES,61.0,68.0,55.0,76.0,69.0,2.0,Moyenne,Sciences et technologie,Oui,65.8
NS10936,SVT,82.0,52.0,81.9220983447326,57.08693235831957,,3.0,Élevée,Santé et environnement,Non,67.4
NS11689,SMP,,81.0,56.0,75.0,59.0,3.0,Très élevée,Sciences et technologie,Non,70.6
NS12580,SES,58.0,55.0,63.0,85.0,97.0,3.0,Très élevée,Sciences et technologie,Non,71.6
NS10312,SVT,69.0,60.0,87.0,63.0,70.0,4.0,Très élevée,Sciences et technologie,Oui,69.8
NS11459,SMP,82.0,74.0,55.0,60.0,68.0,5.0,Très élevée,Informatique,Oui,67.8
NS12925,LLA,58.0,52.0,59.0,98.0,78.0,2.0,Très élevée,Lettres et langues,Non,69.0
NS12107,SVT,75.0,65.0,80.0,78.0,70.0,3.0,Élevée,,Oui,73.6
NS11332,LLA,66.0,49.0,64.0,72.0,72.0,3.0,Élevée,Lettres et langues,Non,64.6
NS10968,LLA,49.0,61.6274168366839,61.0,88.0,73.028979950943,2.0,Élevée,Arts et culture,Non,66.5
NS11454,SMP,84.0,87.0,85.0,76.0,68.0,5.0,Très élevée,Sciences et technologie,Oui,80.0
NS10660,SES,68.0,58.0,50.0,,74.0,3.0,,Économie et société,Non,62.8
NS11934,SVT,80.0,,83.0,73.0,78.0,4.0,Très élevée,Santé et environnement,Non,78.0
NS10935,SES,,57.0,59.0,74.0,82.0,3.0,,Économie et société,Non,69.4
NS10370,SVT,81.0,56.0,91.0,77.0,84.0,3.0,Élevée,Santé et environnement,Oui,77.8
NS10566,LLA,56.0,59.0,50.0,89.0,,3.0,Élevée,Lettres et langues,Non,66.8
NS11973,SES,83.0,58.0,57.0,58.0,78.0,3.0,Très élevée,Économie et société,Non,66.8
NS11854,SMP,79.0,80.0,73.0,67.0,44.0,4.0,Élevée,,Oui,68.6
NS11024,SMP,67.0,79.0,72.0,75.0,58.0,5.0,Moyenne,Informatique,Non,70.2
NS10824,SMP,74.0,92.0,74.0,66.0,59.0,4.0,,Sciences et technologie,Oui,73.0
NS10982,SES,82.0,66.0,68.0,73.0,72.0,3.0,Moyenne,Sciences et technologie,Non,72.2
NS12672,SVT,73.0,69.0,99.0,65.0,56.0,3.0,Élevée,Sciences et technologie,Oui,72.4
NS12956,SVT,63.0,76.0,89.0,73.0,62.0,3.0,Très élevée,Santé et environnement,Non,72.6
NS11645,LLA,51.0,59.0,43.0,86.0,77.0,3.0,Élevée,Arts et culture,Non,63.2
NS12582,SES,,73.0,,71.0,80.0,3.0,Très élevée,Sciences et technologie,Oui,74.4
NS12245,SVT,77.0,67.0,79.0,81.0,68.0,4.0,Très élevée,Sciences et technologie,Non,74.4
NS12118,SVT,65.0,57.0,84.0,65.0,65.0,3.0,Élevée,Santé et environnement,Non,67.2
NS10813,SVT,72.0,84.0,96.0,87.0,72.0,4.0,Élevée,Santé et environnement,Non,82.2
NS11792,SVT,72.0,76.0,88.0,67.0,61.0,4.0,Très élevée,Santé et environnement,Oui,72.8
NS11430,SMP,65.0,63.0,68.0,69.0,50.0,5.0,Élevée,,Oui,63.0
NS10778,LLA,67.0,51.0,57.0,87.0,76.0,2.0,Élevée,Lettres et langues,Non,67.6
NS11749,SMP,83.0,88.0,49.0,79.0,62.0,5.0,,Sciences et technologie,Oui,72.2
NS11320,SVT,83.0,65.0,76.0,79.0,69.0,3.0,Moyenne,Santé et environnement,Non,74.4
NS12399,SVT,60.0,57.0,74.0,68.0,73.0,,Élevée,Santé et environnement,Non,66.4
NS12871,SVT,64.0,74.0,99.0,70.0,67.0,,Très élevée,Santé et environnement,Oui,74.8
NS11052,LLA,71.0,44.0,66.0,78.0,58.0,3.0,Élevée,Arts et culture,Oui,63.4
NS12321,SMP,72.0,97.0,61.0,78.0,51.0,5.0,Très élevée,Sciences et technologie,Non,71.8
NS11013,LLA,67.0,42.0,53.0,100.0,71.0,2.0,Élevée,,Oui,66.6
NS11928,SES,55.0,60.0,59.0,81.0,83.0,3.0,Très élevée,Économie et société,Non,67.6
NS11401,LLA,46.0,42.0,57.0,90.0,70.0,2.0,Très élevée,Lettres et langues,Oui,61.0
NS11822,SVT,72.0,69.0,83.0,73.0,62.0,3.0,Élevée,Santé et environnement,Non,71.8
NS12247,SES,,46.0,67.0,75.0,76.0,4.0,Élevée,Économie et société,Non,66.6
NS12493,LLA,46.0,40.0,57.0,88.0,75.0,2.0,Très élevée,Lettres et langues,,61.2
NS12591,SMP,77.0,76.0,61.0,69.0,49.0,4.0,Élevée,Informatique,Oui,66.4
NS10126,SES,72.0,62.0,58.0,68.0,,4.0,Élevée,Sciences et technologie,,65.8
NS12091,SES,68.0,59.0,60.0,73.0,82.0,4.0,Très élevée,Sciences et technologie,Oui,68.4
NS12134,LLA,59.0,56.88590982007527,53.0,93.0,85.25049057052689,2.0,Très élevée,Arts et culture,Non,69.4
NS10887,SVT,63.0,59.0,85.0,59.0,50.0,4.0,Moyenne,Sciences et technologie,Non,63.2
NS12456,SMP,70.0,78.0,64.0,74.0,75.0,4.0,Élevée,Sciences et technologie,Non,72.2
NS11347,SMP,83.0,81.0,75.0,77.0,62.0,4.0,Élevée,Sciences et technologie,Oui,75.6
NS11007,SMP,84.0,81.0,74.0,84.0,61.0,5.0,Élevée,,Non,76.8
NS10355,SES,56.0,55.0,63.0,77.0,97.0,3.0,Élevée,Économie et société,Non,69.6
NS11003,SES,62.820886621884576,,62.0,93.92546190324347,64.0,3.0,Élevée,Économie et société,Non,65.9
NS11483,SMP,97.0,83.0,72.0,73.0,75.0,5.0,Très élevée,Informatique,Oui,80.0
NS10682,LLA,64.0,61.0,60.0,84.0,68.0,2.0,Très élevée,Lettres et langues,Oui,67.4
NS10827,SES,77.0,58.0,62.0,83.0,78.0,3.0,Élevée,Sciences et technologie,Non,71.6
NS12850,SVT,75.0,57.0,88.0,84.0,65.0,3.0,Élevée,Santé et environnement,Non,73.8
NS12204,LLA,49.0,52.0,65.0,89.0,76.0,3.0,Très élevée,Lettres et langues,Non,66.2
NS12691,SVT,65.0,69.0,67.0,68.0,63.0,4.0,Très élevée,Sciences et technologie,Non,66.4
NS10984,SMP,86.0,87.0,57.0,63.0,74.0,4.0,Élevée,Sciences et technologie,Oui,73.4
NS11233,LLA,40.0,44.0,70.0,93.0,84.0,,Moyenne,Arts et culture,Non,66.2
NS12553,SVT,71.0,73.0,92.0,68.0,,3.0,Élevée,Santé et environnement,Non,75.4
NS11639,LLA,44.0,62.0,46.0,82.0,75.0,2.0,Élevée,Arts et culture,Non,61.8
NS10140,SES,74.0,54.0,67.0,78.0,64.0,,Très élevée,Économie et société,Oui,67.4
NS10217,LLA,57.0,41.0,39.0,100.0,83.0,2.0,Très élevée,Lettres et langues,Non,64.0
NS12465,SVT,76.0,78.0,87.0,67.0,47.0,3.0,Élevée,Santé et environnement,Oui,71.0
NS10362,LLA,51.0,42.0,55.0,80.0,63.0,,Très élevée,Lettres et langues,Non,58.2
NS12664,SES,64.0,60.0,67.0,72.0,82.0,4.0,Élevée,Sciences et technologie,Non,69.0
NS10345,SES,81.0,58.0,71.0,87.0,70.0,4.0,Élevée,Économie et société,Non,73.4
NS12058,SES,55.0,68.0,57.0,80.0,85.0,3.0,Élevée,Économie et société,Non,69.0
NS10022,SES,61.0,46.0,66.0,75.0,90.0,3.0,Très élevée,Économie et société,Non,67.6
NS10711,LLA,64.0,37.0,69.0,84.0,89.0,2.0,Très élevée,Lettres et langues,Oui,68.6
NS12949,LLA,58.0,48.0,63.0,100.0,72.0,2.0,Très élevée,Lettres et langues,Oui,68.2
NS10010,LLA,64.0,46.0,55.0,87.0,84.0,1.0,Très élevée,Lettres et langues,Non,67.2
NS12416,SVT,78.0,70.0,82.0,67.0,63.0,2.0,Élevée,Santé et environnement,Non,72.0
NS11834,SMP,99.0,93.0,65.0,70.0,63.0,4.0,Très élevée,Sciences et technologie,Non,78.0
NS10793,SMP,88.0,90.0,76.0,75.0,42.0,5.0,Élevée,Informatique,Oui,74.2
NS12765,LLA,,43.0,47.0,100.0,83.0,3.0,Élevée,Lettres et langues,Non,66.4
NS10094,SES,68.0,60.0,73.0,77.0,80.0,,Très élevée,Économie et société,Oui,71.6
NS10129,SES,70.0,60.0,71.0,89.0,75.0,4.0,Moyenne,Économie et société,Non,73.0
NS11900,SES,65.0,60.0,53.0,83.0,71.0,3.0,Très élevée,Sciences et technologie,Non,66.4
NS12409,SVT,71.0,69.0,76.0,61.0,67.0,3.0,Élevée,Santé et environnement,Oui,68.8
NS11932,SES,70.0,66.0,62.0,78.0,82.0,4.0,Très élevée,,Oui,71.6
NS12669,SMP,82.0,74.0,69.0,80.0,57.0,4.0,Très élevée,Informatique,Non,72.4
NS11865,LLA,57.0,43.0,65.0,70.0,79.0,2.0,Moyenne,Arts et culture,Non,62.8
NS11658,SVT,73.0,62.0,87.0,68.0,77.0,2.0,Moyenne,Santé et environnement,Non,73.4
NS10516,SVT,62.0,,62.0,77.0,72.0,3.0,Très élevée,Sciences et technologie,Oui,70.4
NS11857,LLA,60.0,49.0,,72.0,79.0,3.0,Moyenne,Lettres et langues,Non,62.0
NS11277,SVT,72.0,74.0,93.0,79.0,72.0,5.0,Élevée,,Non,78.0
NS10950,SVT,71.0,71.0,,65.0,63.0,4.0,Élevée,Santé et environnement,Non,73.0
NS11120,SES,69.0,38.0,83.0,88.0,75.0,4.0,Très élevée,Économie et société,Non,70.6
NS10419,SES,68.0,46.0,50.0,50.0,75.0,3.0,Élevée,Économie et société,Oui,57.8
NS10922,LLA,48.0,44.0,47.0,82.0,65.0,1.0,Très élevée,Lettres et langues,Non,57.2
NS12728,SMP,87.0,76.0,89.0,75.0,57.0,5.0,Très élevée,Informatique,Oui,76.8
NS10477,LLA,64.0,53.0,70.0,97.0,64.0,2.0,Très élevée,Arts et culture,Non,69.6
NS12035,SVT,73.0,61.0,76.0,85.0,64.0,4.0,Élevée,Santé et environnement,Oui,71.8
NS12177,LLA,42.0,61.0,62.0,89.0,86.0,,Élevée,Arts et culture,Non,68.0
NS11692,SMP,96.0,83.0,66.0,,70.0,5.0,Très élevée,Sciences et technologie,Non,77.2
NS12212,SVT,78.0,76.0,87.0,79.0,76.0,3.0,Très élevée,Santé et environnement,Oui,79.2
NS11471,SVT,79.0,51.0,78.0,66.0,63.0,2.0,Élevée,Santé et environnement,Oui,67.4
NS11202,LLA,50.0,40.0,55.0,100.0,74.0,2.0,Très élevée,Arts et culture,Oui,63.8
NS11669,SVT,72.0,60.0,69.0,75.0,80.0,3.0,Élevée,Santé et environnement,Non,71.2
NS12774,SVT,75.0,55.0,98.0,67.0,78.0,4.0,Très élevée,Santé et environnement,Non,74.6
NS11970,SES,0.0,68.0,62.0,91.0,74.0,2.0,Moyenne,Sciences et technologie,Oui,75.0
NS10820,SMP,85.0,70.0,64.0,63.0,,5.0,Élevée,Informatique,Non,67.8
NS11997,SVT,78.0,67.0,75.0,77.0,69.0,3.0,Élevée,Sciences et technologie,Oui,73.2
NS12868,SMP,60.0,70.0,77.0,55.0,61.0,4.0,Élevée,Sciences et technologie,Non,64.6
NS11248,SVT,58.0,79.0,79.0,72.0,67.0,4.0,Très élevée,Santé et environnement,Oui,71.0
NS12872,SVT,71.0,85.0,79.0,68.0,77.0,4.0,Élevée,Santé et environnement,Oui,76.0
NS12649,SES,68.0,,64.0,63.0,69.0,2.0,Très élevée,Économie et société,Oui,66.8
NS11046,SES,70.0,65.0,55.0,78.0,99.0,4.0,Élevée,,Oui,73.4
NS11888,SMP,86.0,67.0,61.0,74.0,65.0,,Élevée,Sciences et technologie,Oui,70.6
NS10615,SES,54.0,,61.0,81.0,73.0,2.0,Très élevée,Économie et société,Oui,65.6
NS11318,SES,72.0,48.0,70.0,73.0,91.0,3.0,Très élevée,Économie et société,Non,70.8
NS12884,SES,56.0,54.0,62.0,79.0,77.0,2.0,Élevée,Économie et société,Non,65.6
NS12460,SES,74.0,45.0,40.0,78.0,89.0,3.0,Élevée,Économie et société,Oui,65.2
NS11772,SMP,79.0,64.0,72.0,53.0,68.0,4.0,,Sciences et technologie,Non,67.2
NS12951,SMP,64.0,71.0,72.0,68.0,57.0,4.0,Élevée,Sciences et technologie,Oui,66.4
NS10131,SES,,54.0,67.0,75.0,75.0,3.0,Élevée,Économie et société,Non,70.2
NS10077,LLA,56.0,30.0,63.0,90.0,79.0,3.0,Élevée,Lettres et langues,Non,63.6
NS12052,SES,62.0,52.0,52.0,76.0,87.0,3.0,Élevée,Économie et société,Non,65.8
NS10724,SES,45.0,63.0,68.0,59.0,,3.0,Élevée,Sciences et technologie,Oui,58.4
NS11314,SES,71.0,58.0,56.0,82.0,80.0,2.0,Élevée,Sciences et technologie,Non,69.4
NS11851,SMP,73.0,84.0,64.0,66.0,58.0,5.0,Élevée,Informatique,Oui,69.0
NS12296,LLA,62.0,47.0,63.0,86.0,71.0,2.0,Élevée,Lettres et langues,Non,65.8
NS12486,SMP,86.0,79.0,71.0,53.0,54.0,4.0,Très élevée,Sciences et technologie,Oui,68.6
NS11372,SMP,87.0,70.0,76.0,69.0,49.0,5.0,Élevée,Informatique,Non,70.2
NS11855,SES,63.0,52.0,73.0,72.0,76.0,3.0,Très élevée,Économie et société,Non,67.2
NS11319,LLA,52.0,51.0,55.0,91.0,70.0,2.0,Élevée,Arts et culture,Oui,63.8
NS12874,SMP,72.0,79.0,65.0,53.0,68.0,5.0,Très élevée,Sciences et technologie,Oui,67.4
NS12171,SES,72.0,43.2766521944127,79.8376327646883,62.0,80.0,3.0,Élevée,Économie et société,,67.4
NS10375,SMP,74.0,90.0,61.0,65.0,64.0,4.0,Très élevée,Sciences et technologie,Non,70.8
NS11908,SVT,71.0,71.0,115.0,65.0,65.0,5.0,Très élevée,Santé et environnement,Non,68.8
NS10333,SES,72.0,56.0,58.0,54.0,81.0,2.0,Élevée,Économie et société,Non,64.2
NS12251,SVT,50.0,66.0,66.0,51.0,67.0,3.0,Élevée,Santé et environnement,Oui,60.0
NS12736,SMP,89.0,73.0,77.0,73.0,67.0,5.0,Élevée,Sciences et technologie,Oui,75.8
NS11604,SMP,83.0,67.0,64.0,60.0,58.0,4.0,Moyenne,Sciences et technologie,,66.4
NS11118,SVT,81.0,85.0,88.0,79.0,61.0,4.0,Élevée,Santé et environnement,Oui,78.8
NS12828,SVT,69.65584080861063,57.96410813899256,85.0,81.0,89.0,3.0,Moyenne,Sciences et technologie,Oui,76.5
NS11943,SES,72.0,56.0,44.0,,67.0,3.0,Très élevée,Économie et société,Oui,63.6
NS12261,SMP,100.0,92.0,68.0,60.0,76.0,4.0,,Informatique,Oui,79.2
NS12549,SMP,79.0,69.0,79.0,57.0,64.0,5.0,Moyenne,Sciences et technologie,Oui,69.6
NS11342,SVT,69.0,70.0,97.0,73.0,,3.0,,Santé et environnement,Non,74.4
NS10320,LLA,50.0,38.0,67.0,77.0,70.0,1.0,Élevée,Lettres et langues,,60.4
NS11619,SES,63.0,56.0,81.0,82.0,79.0,3.0,Très élevée,Sciences et technologie,Oui,72.2
NS12447,SMP,92.0,68.0,78.0,62.0,57.0,5.0,Élevée,Sciences et technologie,Oui,71.4
NS12060,SES,80.0,58.0,77.0,78.0,64.0,3.0,Très élevée,Économie et société,Non,71.4
NS11673,SMP,88.0,77.0,61.0,,51.0,4.0,Élevée,Sciences et technologie,Oui,69.8
NS11942,SMP,88.0,79.0,53.0,55.0,71.0,4.0,Élevée,Sciences et technologie,Oui,69.2
NS10260,LLA,60.0,55.0,72.0,96.0,85.0,2.0,Élevée,Arts et culture,Oui,73.6
NS12354,SES,65.0,51.0,50.0,85.0,76.0,3.0,Élevée,Sciences et technologie,Non,65.4
NS12039,SES,58.0,71.0,58.0,65.0,80.0,3.0,Élevée,Économie et société,Oui,66.4
NS10689,LLA,51.0,43.0,44.0,91.0,81.0,3.0,Élevée,Lettres et langues,Non,62.0
NS10901,LLA,59.0,48.0,51.0,85.0,72.0,2.0,Élevée,Lettres et langues,Non,63.0
NS12026,SMP,94.0,73.0,68.0,66.0,70.0,5.0,Très élevée,Sciences et technologie,Oui,74.2
NS10138,SVT,52.0,,,80.0,68.0,4.0,Très élevée,Sciences et technologie,Oui,66.4
NS11917,SMP,84.0,79.0,81.0,75.0,57.0,3.0,Élevée,Sciences et technologie,Oui,75.2
NS11828,SVT,73.0,64.0,69.0,63.0,56.0,4.0,Très élevée,Santé et environnement,Oui,65.0
NS11573,SVT,82.0,63.0,84.0,73.0,61.0,3.0,Moyenne,Sciences et technologie,Non,72.6
NS10319,SMP,81.0,105.0,56.0,80.0,,4.0,Élevée,Sciences et technologie,Non,70.8
NS10653,SVT,80.0,72.0,79.0,73.0,75.0,,Élevée,Santé et environnement,Oui,75.8
NS12137,SMP,93.0,68.0,63.0,75.0,69.0,4.0,Très élevée,Informatique,Oui,73.6
NS12322,SMP,,70.0,61.0137110830877,61.64335922650668,55.0,4.0,Très élevée,Sciences et technologie,Oui,63.7
NS10558,SVT,62.0,70.0,81.0,65.0,66.0,4.0,Très élevée,Sciences et technologie,Non,68.8
NS10112,SES,76.0,54.0,69.0,80.0,74.0,4.0,Élevée,Économie et société,Oui,70.6
NS10531,LLA,66.0,56.0,66.0,87.0,95.0,3.0,Très élevée,Lettres et langues,Oui,74.0
NS10224,SVT,69.0,72.0,97.0,83.0,52.0,3.0,Élevée,Santé et environnement,Non,74.6
NS10723,LLA,44.0,35.0,66.0,93.0,71.0,3.0,Élevée,Lettres et langues,Non,61.8
NS12428,SMP,87.0,61.0,76.0,71.0,56.0,5.0,Élevée,Sciences et technologie,Oui,70.2
NS12570,LLA,50.0,61.0,66.0,98.0,63.0,3.0,Très élevée,Arts et culture,Non,67.6
NS11433,SMP,85.0,65.0,52.0,55.0,53.0,4.0,Moyenne,,Oui,62.0
NS12329,SMP,72.0,86.0,85.0,72.0,72.0,5.0,Élevée,Sciences et technologie,Non,77.4
NS11458,SVT,70.0,70.0,79.0,60.0,61.0,4.0,Très élevée,Santé et environnement,Non,68.0
NS12701,SMP,81.0,90.0,59.0,61.0,60.0,4.0,Élevée,Sciences et technologie,Oui,70.2
NS10846,SVT,72.0,74.0,98.0,69.0,54.0,3.0,Élevée,Sciences et technologie,Oui,73.4
NS10193,SES,69.0,57.85638318869314,56.0,72.68526800583167,77.0,4.0,Élevée,Économie et société,Non,66.5
NS11464,LLA,56.0,52.0,50.0,76.0,75.0,5.0,Très élevée,Lettres et langues,Non,61.8
NS10946,SVT,60.40097870567527,69.0,77.75228933258678,63.0,60.0,2.0,Élevée,Santé et environnement,Non,66.0
NS12021,SMP,67.0,77.0,80.0,73.0,64.0,5.0,Élevée,Sciences et technologie,Non,72.2
NS11629,LLA,44.0,,67.0,,70.0,,Très élevée,Arts et culture,Non,63.4
NS10117,SES,71.0,54.0,49.0,74.0,70.0,3.0,Moyenne,Économie et société,Non,63.6
NS10645,SES,66.0,53.0,44.0,65.0,70.0,3.0,Élevée,Sciences et technologie,,59.6
NS11870,LLA,57.0,48.0,62.0,81.0,88.0,,Élevée,Arts et culture,Non,67.2
NS10003,SVT,69.0,,92.0,72.0,65.0,3.0,Élevée,Santé et environnement,Non,74.0
NS10074,LLA,,53.0,56.0,81.0,73.0,3.0,Très élevée,Arts et culture,Non,62.8
NS11755,SVT,69.0,66.0,65.0,74.0,66.0,2.0,Très élevée,Sciences et technologie,Non,68.0
NS10467,SES,78.0,52.0,61.0,88.0,83.0,,Très élevée,Économie et société,Non,72.4
NS10005,LLA,42.0,42.0,49.0,100.0,71.0,2.0,Élevée,Arts et culture,Oui,60.8
NS11246,SVT,57.0,72.0,87.0,65.0,70.0,2.0,Moyenne,Santé et environnement,Non,70.2
NS10919,LLA,59.0,57.0,51.0,93.0,86.0,1.0,Très élevée,Lettres et langues,Non,69.2
NS10228,SES,77.0,49.0,67.0,80.0,78.0,3.0,Élevée,Économie et société,Oui,70.2
NS11063,LLA,55.0,56.0,68.0,99.0,84.0,3.0,Élevée,Arts et culture,Non,72.4
NS10242,LLA,64.0,61.0,47.0,91.0,66.0,1.0,Élevée,Lettres et langues,Non,65.8
NS12279,LLA,66.0,70.0,49.0,84.0,69.0,2.0,,Lettres et langues,,67.6
NS11160,SVT,62.0,-10.0,93.0,89.0,67.0,4.0,Élevée,Sciences et technologie,Oui,74.6
NS12513,SES,56.0,65.0,61.0,90.0,77.0,3.0,Très élevée,Sciences et technologie,Non,69.8
NS11526,SVT,87.0,77.0,71.0,85.0,64.0,,Très élevée,Santé et environnement,Oui,76.8
NS11605,SES,71.0,63.0,65.0,65.0,67.0,3.0,Élevée,Économie et société,Oui,66.2
NS12784,SVT,71.0,67.0,85.0,68.0,76.0,2.0,Très élevée,Sciences et technologie,Oui,73.4
NS12666,SMP,82.0,100.0,80.0,77.0,56.0,5.0,Moyenne,Sciences et technologie,Oui,79.0
NS12665,SVT,63.0,57.0,79.0,69.0,69.0,3.0,Très élevée,Santé et environnement,Oui,67.4
NS11989,SMP,86.0,86.0,50.0,63.0,50.0,4.0,Très élevée,Sciences et technologie,Non,67.0
NS12609,SVT,72.48546550351885,65.0,76.0,74.0,60.469419338768645,3.0,Élevée,Santé et environnement,Non,69.6
NS11975,LLA,56.0,50.0,52.0,,58.0,3.0,Très élevée,Lettres et langues,Non,58.0
NS11761,LLA,60.0,62.0,57.0,86.0,80.0,3.0,Très élevée,Arts et culture,Non,69.0
NS11305,LLA,56.0,61.0,63.0,100.0,64.0,3.0,Élevée,Arts et culture,,68.8
NS11541,SVT,66.0,79.0,78.0,72.0,76.0,4.0,Très élevée,Santé et environnement,Non,74.2
NS10622,LLA,46.0,52.0,66.0,82.0,69.0,2.0,Très élevée,Arts et culture,Oui,63.0
NS12313,SVT,72.0,63.0,76.0,74.0,62.0,4.0,Élevée,Santé et environnement,Non,69.4
NS11493,LLA,75.0,62.0,52.0,90.0,78.0,2.0,Moyenne,Lettres et langues,Oui,71.4
NS10110,SES,82.0,57.0,50.0,82.0,81.0,4.0,Très élevée,Économie et société,Oui,70.4
NS12487,SMP,66.0,,71.0,69.0,78.0,4.0,Élevée,Informatique,Oui,73.0
NS11169,SES,,,62.0,88.0,89.0,3.0,Élevée,Sciences et technologie,Oui,71.0
NS12461,SMP,100.0,85.0,77.0,66.0,66.0,4.0,Très élevée,Sciences et technologie,Oui,78.8
NS10232,LLA,59.0,58.0,62.0,79.0,85.0,2.0,Très élevée,Lettres et langues,Non,68.6
NS10066,SMP,81.0,77.0,65.0,70.0,41.0,4.0,Élevée,Informatique,Oui,66.8
NS12707,SVT,69.0,53.0,82.0,69.0,73.0,2.0,Élevée,Santé et environnement,Oui,69.2
NS12072,SMP,84.0,81.0,64.0,75.0,61.0,4.0,Très élevée,Sciences et technologie,Oui,73.0
NS12192,LLA,44.0,57.0,56.0,89.0,81.0,4.0,Élevée,Arts et culture,Non,65.4
NS10536,SES,65.0,51.0,63.0,70.0,78.0,3.0,Élevée,Économie et société,Oui,65.4
NS10125,SMP,86.0,76.0,70.0,80.0,54.0,,Très élevée,Sciences et technologie,Oui,73.2
NS12133,SVT,67.0,51.0,86.0,78.0,56.0,4.0,Élevée,Santé et environnement,Oui,67.6
NS11254,SMP,71.0,88.0,69.0,66.0,55.0,4.0,Très élevée,Sciences et technologie,Oui,69.8
NS12484,SVT,60.0,56.0,89.0,65.0,66.0,3.0,Élevée,Sciences et technologie,Non,67.2
NS11976,LLA,53.0,41.0,58.0,71.0,84.0,3.0,Très élevée,Lettres et langues,Non,61.4
NS12462,SES,69.0,61.0,59.0,66.0,82.0,3.0,Élevée,Économie et société,Oui,67.4
NS12488,SMP,77.0,89.0,,71.0,58.0,3.0,Très élevée,Sciences et technologie,Oui,75.0
NS12075,SES,51.0,63.0,60.92524192238272,73.0,84.855238188864,3.0,Très élevée,Économie et société,Non,66.6
NS10484,SMP,78.0,90.0,93.07017014874222,49.14344856879287,56.0,5.0,Très élevée,Sciences et technologie,Oui,73.2
NS11654,SMP,80.0,62.0,49.0,69.0,55.0,4.0,Très élevée,Sciences et technologie,Non,63.0
NS12676,SVT,70.0,65.0,76.0,68.0,72.0,4.0,,Santé et environnement,Non,70.2
NS12550,SVT,73.0,55.0,87.0,65.0,54.0,3.0,Moyenne,Santé et environnement,Non,66.8
NS12405,SES,79.0,54.0,50.0,81.0,87.0,4.0,Élevée,Économie et société,Oui,70.2
NS11774,SES,85.0,,57.652308382723305,89.0,88.40905825948758,4.0,Très élevée,Économie et société,Non,75.2
NS10918,SES,79.0,60.0,67.0,75.0,81.0,3.0,Faible,Sciences et technologie,Oui,72.4
NS11646,SVT,74.0,71.0,85.0,78.0,58.0,3.0,Élevée,Santé et environnement,Oui,73.2
NS11026,SES,74.0,48.0,45.0,,96.0,3.0,Moyenne,Économie et société,Oui,68.8
NS11030,SMP,68.0,75.0,61.0,65.0,56.0,,Élevée,Sciences et technologie,Oui,65.0
NS10882,LLA,49.0,62.0,68.0,99.0,90.0,2.0,Moyenne,Arts et culture,Oui,73.6
NS11335,SES,74.0,54.0,59.0,93.0,81.0,5.0,Élevée,Sciences et technologie,Non,72.2
NS12222,LLA,56.0,55.0,53.0,75.0,88.0,1.0,Moyenne,Lettres et langues,Oui,65.4
NS10364,LLA,54.0,40.0,54.0,95.0,63.0,2.0,Très élevée,Arts et culture,Non,61.2
NS12125,LLA,59.0,60.0,59.0,83.0,,4.0,Très élevée,Arts et culture,Non,70.4
NS10027,SES,50.0,71.0,65.0,73.0,77.0,3.0,Élevée,Sciences et technologie,Non,67.2
NS10473,LLA,50.0,43.0,57.0,81.0,77.0,3.0,,Arts et culture,Non,61.6
NS10525,SES,56.41067442822492,48.0,73.01427684822096,75.0,77.0,4.0,Très élevée,Économie et société,Non,65.9
NS10725,LLA,52.0,41.0,66.0,90.0,83.0,3.0,Très élevée,Arts et culture,Oui,66.4
NS10055,SES,68.0,47.0,68.0,70.0,85.0,4.0,Très élevée,Économie et société,,67.6
NS10638,SMP,90.0,97.0,52.0,49.0,66.0,4.0,Élevée,Sciences et technologie,Oui,70.8
NS10302,SMP,66.0,73.0,52.0,63.0,62.0,4.0,Très élevée,Sciences et technologie,Non,63.2
NS12608,SVT,81.0,77.0,94.0,76.0,52.0,2.0,Élevée,Santé et environnement,Non,76.0
NS11276,SMP,66.0,88.0,68.0,71.0,52.0,5.0,Élevée,Sciences et technologie,Non,69.0
NS12635,SVT,65.0,69.0,71.0,77.0,67.0,3.0,Très élevée,Sciences et technologie,,69.8
NS10624,SES,72.0,41.0,58.0,93.0,66.0,5.0,Très élevée,Économie et société,Non,66.0
NS12055,SMP,86.0,78.0,58.0,67.0,50.0,,Élevée,Sciences et technologie,Non,67.8
NS11280,LLA,51.0,68.0,55.0,94.0,89.0,3.0,Élevée,Lettres et langues,Non,71.4
NS11049,LLA,38.0,48.0,61.0,,76.0,2.0,Très élevée,Lettres et langues,Oui,62.6
NS10336,LLA,59.0,58.0,52.0,87.0,68.0,3.0,Élevée,,Non,64.8
NS10047,SMP,83.0,,69.0,69.0,68.0,5.0,Très élevée,Sciences et technologie,Oui,71.6
NS10106,SES,55.0,43.0,42.0,78.0,81.0,4.0,Élevée,Sciences et technologie,Non,59.8
NS11079,SMP,89.0,72.0,50.0,72.0,61.0,4.0,Très élevée,Informatique,Oui,68.8
NS11144,SES,57.0,53.0,42.0,61.0,74.0,3.0,Très élevée,Économie et société,Non,57.4
NS12440,SMP,97.0,80.0,47.0,71.0,60.0,5.0,Élevée,Sciences et technologie,Oui,71.0
NS11836,SVT,76.0,73.0,81.0,69.0,69.0,3.0,Élevée,Santé et environnement,Non,73.6
NS11753,LLA,51.0,40.0,40.0,100.0,79.0,3.0,,Lettres et langues,Non,62.0
NS11101,LLA,32.0,53.0,62.0,90.0,60.0,1.0,Très élevée,Arts et culture,Oui,59.4
NS11968,SMP,68.0,79.0,77.0,77.0,67.0,3.0,Très élevée,Informatique,Oui,73.6
NS10523,SES,72.0,46.0,61.0,73.0,81.0,3.0,Très élevée,Économie et société,Non,66.6
NS11428,LLA,45.0,47.0,57.0,92.0,83.0,3.0,Élevée,Arts et culture,Non,64.8
NS12607,SES,76.0,53.0,53.0,66.0,79.0,2.0,Très élevée,Économie et société,Oui,65.4
NS10603,SVT,60.0,69.0,78.0,75.0,72.0,3.0,Élevée,Sciences et technologie,Non,70.8
NS11489,SVT,60.0,66.0,,71.0,52.0,4.0,Très élevée,Sciences et technologie,Non,67.0
NS12351,SMP,84.0,86.0,77.0,60.0,54.0,4.0,Très élevée,Sciences et technologie,Oui,72.2
NS10060,SVT,60.0,73.0,96.0,82.0,68.0,4.0,Très élevée,Santé et environnement,Non,75.8
NS12749,SMP,100.0,80.0,61.0,48.0,58.0,5.0,Élevée,Sciences et technologie,Oui,69.4
NS10671,LLA,40.0,30.0,56.0,80.0,89.0,2.0,Très élevée,Lettres et langues,Non,59.0
NS10092,LLA,60.0,63.0,55.0,83.0,81.0,4.0,Moyenne,Arts et culture,Non,68.4
NS10666,SMP,80.0,,70.0,70.0,67.0,5.0,Moyenne,Sciences et technologie,Oui,75.0
NS11887,SMP,78.0,82.0,70.0,61.0,58.0,4.0,Élevée,Sciences et technologie,Non,69.8
NS10280,SES,73.0,42.0,72.0,79.0,86.0,3.0,,Économie et société,Oui,70.4
NS11719,SMP,82.0,82.0,60.0,52.0,58.0,3.0,Élevée,Sciences et technologie,Oui,66.8
NS10359,SVT,81.51457710213221,76.31865656689973,63.0,82.0,61.0,2.0,Très élevée,Santé et environnement,Oui,72.8
NS10899,LLA,57.0,66.0,56.0,94.0,82.0,1.0,Très élevée,Arts et culture,Non,71.0
NS11935,SVT,71.0,75.0,76.0,66.0,58.0,4.0,Moyenne,Santé et environnement,Oui,69.2
NS11994,SVT,71.0,51.0,75.0,61.0,61.0,3.0,Très élevée,Sciences et technologie,Oui,63.8
NS12312,SES,63.0,48.0,63.0,68.0,88.0,3.0,Très élevée,Économie et société,Non,66.0
NS10760,LLA,62.0,62.0,45.0,72.0,89.0,3.0,Élevée,,Non,66.0
NS12158,SVT,65.0,53.0,75.0,69.0,87.0,3.0,Élevée,Santé et environnement,Oui,69.8
NS12622,SVT,69.0,68.0,79.0,63.0,63.0,3.0,Élevée,Santé et environnement,Non,68.4
NS10042,SMP,77.0,74.0,63.0,69.0,63.0,4.0,Très élevée,Sciences et technologie,Non,69.2
NS12173,SES,62.0,73.0,65.0,78.0,83.0,3.0,Très élevée,Économie et société,Oui,72.2
NS10204,LLA,56.0,55.0,51.0,100.0,76.0,,Très élevée,Arts et culture,Oui,67.6
NS11473,SMP,69.0,87.0,71.0,55.0,,4.0,Très élevée,Sciences et technologie,Non,70.4
NS12100,SVT,72.0,,91.0,85.0,78.0,2.0,Élevée,Sciences et technologie,,83.2
NS10068,SES,77.0,44.0,55.0,76.0,76.0,3.0,Très élevée,Sciences et technologie,Oui,65.6
NS11875,SMP,76.0,94.0,76.0,63.0,65.0,5.0,Très élevée,Informatique,Non,74.8
NS12379,SES,63.0,56.0,66.0,64.0,77.0,3.0,Élevée,Économie et société,Non,65.2
NS12231,SMP,100.0,82.0,52.0,65.0,67.0,5.0,Très élevée,Informatique,Non,73.2
NS10137,LLA,65.0,47.45561790531932,66.0,90.94958133609742,,3.0,Très élevée,Arts et culture,Oui,67.1
NS10796,SVT,63.0,83.0,87.0,69.0,68.0,,Très élevée,Santé et environnement,Non,74.0
NS12180,SES,79.0,73.0,56.0,75.0,78.0,3.0,Élevée,Économie et société,Oui,72.2
NS12128,SMP,99.0,80.0,60.0,75.0,53.0,4.0,Moyenne,Sciences et technologie,Non,73.4
NS10758,LLA,31.0,64.0,51.0,77.0,59.0,,Très élevée,Lettres et langues,Non,56.4
NS10541,LLA,40.0,53.0,60.0,86.0,85.0,,Très élevée,Lettres et langues,Non,64.8
NS11019,LLA,56.0,46.0,67.0,97.0,80.0,1.0,Très élevée,Arts et culture,Oui,69.2
NS12288,SES,64.0,70.0,63.0,69.0,81.0,4.0,Élevée,Sciences et technologie,Oui,69.4
NS10165,SMP,75.0,94.0,80.0,69.0,62.0,4.0,Élevée,Sciences et technologie,Oui,76.0
NS10248,SMP,82.0,72.48511040288659,70.0,63.92291495937617,47.0,5.0,Élevée,Sciences et technologie,Oui,67.1
NS11331,LLA,55.0,53.0,51.0,88.0,64.0,2.0,Très élevée,Lettres et langues,Oui,62.2
NS12017,SES,66.0,54.0,53.0,64.0,85.0,4.0,Élevée,Sciences et technologie,Oui,64.4
NS10446,SES,83.0,67.0,61.0,84.0,58.0,3.0,Très élevée,Sciences et technologie,Non,70.6
NS11358,LLA,49.0,46.0,,78.0,69.0,2.0,Très élevée,Arts et culture,Non,61.2
NS12145,LLA,37.0,56.0,67.0,81.0,79.0,3.0,,Arts et culture,Oui,64.0
NS11329,SVT,79.0,55.0,78.0,52.0,60.0,5.0,Moyenne,Sciences et technologie,,64.8
NS12910,SMP,91.0,70.0,72.0,69.0,58.0,4.0,Très élevée,Sciences et technologie,Oui,72.0
NS12150,SES,71.0,63.0,74.0,79.0,88.0,2.0,Très élevée,Sciences et technologie,Non,75.0
NS10434,SMP,87.0,60.0,65.0,73.0,59.0,4.0,Élevée,Sciences et technologie,Oui,68.8
NS12122,LLA,58.0,61.0,58.0,77.0379539898027,66.71763795754804,2.0,,Arts et culture,Non,64.2
NS10577,SMP,83.0,84.0,51.0,62.0,57.0,4.0,Élevée,Sciences et technologie,Oui,67.4
NS12984,SVT,60.0,71.0,80.0,59.0,63.0,4.0,Très élevée,Sciences et technologie,Non,66.6
NS12741,LLA,72.0,43.0,64.0,75.0,72.0,2.0,Très élevée,Arts et culture,Non,65.2
NS11848,SES,63.0,71.0,,84.0,72.0,2.0,Très élevée,Sciences et technologie,Oui,71.4
NS10762,SES,73.0,64.0,59.0,79.0,85.0,5.0,Moyenne,Sciences et technologie,Oui,72.0
NS10388,SES,63.0,62.0,57.0,78.0,,3.0,Très élevée,Économie et société,Non,68.2
NS10235,SVT,65.0,49.0,79.0,70.0,73.0,4.0,Très élevée,Santé et environnement,Non,67.2
NS12605,SES,79.0,46.0,49.0,69.0,74.0,4.0,Très élevée,Économie et société,Non,63.4
NS11984,LLA,54.0,41.0,33.0,84.0,79.0,1.0,Élevée,Arts et culture,Non,58.2
NS10267,SMP,99.0,68.0,69.0,57.01631273562598,78.94170963408352,4.0,Moyenne,Informatique,Oui,74.4
NS10770,LLA,66.0,52.0,63.0,91.0,68.0,,Élevée,Lettres et langues,Non,68.0
NS12165,LLA,52.0,46.0,52.0,81.0,78.0,2.0,Élevée,Lettres et langues,Non,61.8
NS10437,SVT,78.0,,79.0,60.0,44.0,4.0,Très élevée,Santé et environnement,Oui,65.8
NS10673,SES,74.0,66.0,63.0,70.0,76.0,5.0,Élevée,Économie et société,Oui,69.8
NS10249,SMP,57.0,71.0,70.0,59.0,66.0,3.0,Moyenne,Sciences et technologie,Oui,64.6
NS12201,SES,63.0,72.0,60.0,63.0,77.0,3.0,Très élevée,Sciences et technologie,Oui,67.0
NS11574,SES,74.0,55.0,70.0,77.0,75.0,3.0,Très élevée,Sciences et technologie,Oui,70.2
NS12142,SES,66.0,47.0,57.0,93.0,78.0,4.0,Très élevée,Sciences et technologie,Non,68.2
NS12081,SMP,88.0,68.0,72.0,77.0,57.0,4.0,Très élevée,Informatique,Non,72.4
NS12617,SVT,59.0,82.0,72.0,69.0,75.0,3.0,Très élevée,Sciences et technologie,Oui,71.4
NS12903,SMP,84.0,87.0,64.0,80.0,47.0,3.0,Élevée,Sciences et technologie,Oui,72.4
NS12739,SES,69.0,65.0,68.0,70.0,74.0,3.0,Très élevée,Économie et société,Non,69.2
NS10448,SES,67.0,49.0,77.0,73.0,89.0,1.0,Moyenne,Économie et société,Oui,71.0
NS11469,SVT,58.0,74.0,100.0,82.0,58.0,3.0,Moyenne,Sciences et technologie,Non,74.4
NS10716,LLA,63.0,54.0,68.0,93.0,80.0,4.0,Élevée,Lettres et langues,,71.6
NS12398,LLA,53.0,53.0,61.0,96.0,76.0,3.0,Très élevée,Arts et culture,Non,67.8
NS12614,SMP,,81.0,61.0,49.0,65.0,5.0,Très élevée,,Oui,66.8
NS12048,LLA,76.0,41.0,66.0,100.0,74.0,3.0,Élevée,Lettres et langues,Non,71.4
NS11901,SES,46.0,,69.0,73.0,84.0,3.0,Élevée,Économie et société,Oui,65.6
NS11168,SMP,82.0,85.0,78.0,72.0,62.0,5.0,Élevée,Informatique,Non,75.8
NS10082,SVT,70.0,55.0,86.0,53.0,66.0,4.0,Moyenne,,Oui,66.0
NS12424,SMP,70.0,76.0,57.0,63.0,53.0,3.0,Très élevée,Sciences et technologie,Oui,63.8
NS11460,SES,72.0,,72.0,78.39731872872592,66.01098030886871,4.0,Très élevée,Économie et société,Oui,68.5
NS11893,SVT,73.0,57.0,91.0,81.0,59.0,5.0,Élevée,Santé et environnement,Non,72.2
NS11668,SVT,63.0,73.0,84.0,73.0,70.0,3.0,Élevée,Santé et environnement,Non,72.6
NS12000,SES,53.0,57.0,60.5726054283478,67.0,86.23934482515334,4.0,Très élevée,Économie et société,Non,64.8
NS10475,LLA,56.0,41.0,62.0,76.0,77.0,2.0,Élevée,Arts et culture,Non,62.4
NS10517,SES,69.0,53.0,62.0,84.0,77.0,3.0,Très élevée,Économie et société,Non,69.0
NS10404,SMP,88.0,90.0,70.0,61.0,68.0,5.0,Élevée,Informatique,,75.4
NS10384,SVT,81.0,69.0,98.0,90.0,68.0,4.0,Élevée,Sciences et technologie,Non,81.2
NS12981,SES,69.0,67.0,63.0,91.0,67.0,,Élevée,Sciences et technologie,Non,71.4
NS12152,SMP,95.0,98.0,73.0,68.0,66.0,5.0,Très élevée,Informatique,Oui,80.0
NS11633,SMP,95.0,81.0,71.0,70.0,74.0,4.0,Moyenne,Informatique,Non,78.2
NS12859,LLA,66.0,46.67996836660285,49.0,83.12699121308945,76.0,3.0,Élevée,Arts et culture,Oui,64.2
NS10688,SES,63.0,51.0,66.0,72.0,88.0,3.0,Très élevée,Économie et société,Oui,68.0
NS11240,LLA,35.0,47.0,,87.0,,4.0,Très élevée,Lettres et langues,Non,59.4
NS10062,SVT,75.0,75.0,96.0,74.0,59.0,5.0,Moyenne,Santé et environnement,Oui,75.8
NS10852,SVT,81.52092289229584,77.0,82.46710870696936,,58.0,3.0,,Sciences et technologie,Oui,75.0
NS12751,LLA,60.0,54.0,54.0,91.0,72.0,2.0,Très élevée,Lettres et langues,Non,66.2
NS12476,SVT,67.0,71.0,79.0,69.0,,4.0,Élevée,Santé et environnement,Non,68.2
NS11262,SVT,75.0,78.0,93.0,78.0,67.0,4.0,Très élevée,Santé et environnement,Oui,78.2
NS10223,SES,,51.0,59.0,64.0,97.0,3.0,Très élevée,Sciences et technologie,Oui,66.8
NS12193,SVT,69.0,58.0,92.0,69.0,60.0,4.0,Élevée,Sciences et technologie,Non,69.6
NS10373,SVT,78.0,59.0,75.0,61.0,68.0,4.0,Moyenne,Santé et environnement,Oui,68.2
NS11824,SMP,78.0,,60.0,70.0,58.0,5.0,Élevée,Sciences et technologie,Oui,72.4
NS12536,SVT,58.0,70.0,85.0,83.0,69.0,4.0,Élevée,Santé et environnement,Non,73.0
NS12869,SVT,74.0,64.0,74.0,59.0,57.0,3.0,Très élevée,Sciences et technologie,Oui,65.6
NS12597,SES,81.0,62.0,-10.0,69.0,91.0,3.0,Très élevée,Économie et société,Oui,75.0
NS12684,SES,85.460516675797,50.0,68.0,64.3100611646824,82.0,3.0,Très élevée,Économie et société,Oui,70.0
NS10009,SVT,58.0,74.0,82.0,69.0,74.0,4.0,Élevée,Sciences et technologie,Non,71.4
NS11944,SVT,82.0,68.0,80.0,58.0,57.0,4.0,Très élevée,Sciences et technologie,Non,69.0
NS11838,SES,63.0,60.0,,62.0,83.0,4.0,Moyenne,Sciences et technologie,Non,65.2
NS10708,SVT,72.0,77.0,86.0,65.0,70.0,,Élevée,Santé et environnement,Oui,74.0
NS10255,SES,49.0,76.0,59.0,82.0,84.0,3.0,Élevée,Économie et société,Oui,70.0
NS11617,SES,69.0,64.0,68.0,57.0,86.0,3.0,Très élevée,Économie et société,Oui,68.8
NS10389,SMP,84.0,79.0,56.0,75.0,58.0,5.0,Très élevée,Informatique,Oui,70.4
NS11581,SES,49.0,59.0,69.0,80.0,76.0,3.0,Élevée,Économie et société,Non,66.6
NS10924,SES,68.0,64.02564891281438,71.388369192954,65.0,69.0,3.0,Très élevée,Économie et société,Non,67.5
NS12036,SVT,84.0,55.0,85.0,84.0,73.0,4.0,Élevée,Santé et environnement,Oui,76.2
NS12403,LLA,56.0,47.0,63.0,100.0,61.0,2.0,Très élevée,,Non,65.4
NS11224,SVT,67.0,65.0,79.0,82.0,70.0,3.0,Élevée,Santé et environnement,Non,72.6
NS11946,SMP,71.0,71.0,60.0,66.0,58.0,5.0,Élevée,Sciences et technologie,Oui,65.2
NS10739,SMP,88.0,100.0,74.0,63.0,66.0,4.0,Moyenne,Sciences et technologie,,78.2
NS10040,SES,79.0,61.0,53.0,79.0,73.0,3.0,Élevée,Sciences et technologie,Oui,69.0
NS10868,SMP,100.0,62.0,73.0,71.0,79.0,4.0,Élevée,Sciences et technologie,Non,77.0
NS10539,SES,71.0,76.2381817584124,66.0,71.0,81.66281777640883,4.0,Très élevée,Sciences et technologie,Non,73.2
NS12510,SMP,46.19908395103008,75.0,66.94577149939333,69.0,64.0,4.0,Très élevée,Informatique,Oui,64.2
NS11371,SES,69.0,51.0,70.0,80.0,70.0,3.0,Très élevée,Sciences et technologie,Non,68.0
NS11145,SES,100.0,65.0,49.0,66.0,89.54462220853588,5.0,Très élevée,Économie et société,Oui,73.9
NS11031,SES,75.0,65.0,62.0,64.0,96.0,4.0,Élevée,Économie et société,Oui,72.4
NS10372,LLA,75.0,45.0,49.0,87.0,77.0,3.0,Très élevée,Arts et culture,Non,66.6
NS10667,LLA,57.0,49.0,62.0,73.0,83.0,5.0,Très élevée,Lettres et langues,Non,64.8
NS10357,SVT,80.0,48.0,80.0,71.0,60.0,4.0,Très élevée,Santé et environnement,Non,67.8
NS10967,SMP,68.0,69.0,74.0,67.0,87.0,3.0,Élevée,Sciences et technologie,Oui,73.0
NS11353,SMP,91.0,76.0,82.0,83.0,63.0,3.0,Moyenne,Sciences et technologie,Oui,79.0
NS11035,LLA,48.0,42.0,40.0,84.0,74.0,3.0,Élevée,Lettres et langues,Non,57.6
NS10470,SVT,75.0,82.0,-10.0,62.0,,2.0,Élevée,,Oui,71.2
NS11396,SMP,105.0,65.0,68.0,83.0,43.0,3.0,Élevée,Informatique,Oui,66.4
NS12620,SVT,78.0,57.0,83.0,81.0,64.0,3.0,Élevée,Santé et environnement,Non,72.6
NS11549,SMP,83.0,85.0,64.0,58.0,63.0,3.0,Moyenne,Informatique,Non,70.6
NS11256,SVT,89.0,67.0,87.0,70.0,71.0,2.0,Moyenne,Santé et environnement,Non,76.8
NS12094,SMP,76.0,93.0,53.0,65.0,65.0,3.0,Très élevée,Informatique,Oui,70.4
NS11555,SMP,97.0,92.0,59.0,62.0,66.0,4.0,Moyenne,Sciences et technologie,Oui,75.2
NS12589,SMP,78.0,78.0,56.0,54.0,63.0,3.0,Élevée,Sciences et technologie,Oui,65.8
NS11250,SES,82.0,51.0,66.0,83.0,69.0,3.0,,Économie et société,,70.2
NS11699,SES,82.42605311952141,52.0,70.0,100.0,91.0,2.0,Élevée,Économie et société,Oui,79.1
NS11252,LLA,46.0,50.0,56.0,75.0,77.0,2.0,Très élevée,Lettres et langues,Non,60.8
NS12780,LLA,67.0,57.0,54.0,86.0,73.0,1.0,Moyenne,Arts et culture,Non,67.4
NS10079,SVT,59.0,76.0,100.0,71.0,53.0,2.0,Élevée,Santé et environnement,Oui,71.8
NS11172,LLA,55.0,50.0,56.0,77.0,79.0,2.0,Élevée,Arts et culture,Oui,63.4
NS10814,SMP,90.0,55.0,70.0,80.0,69.0,5.0,Élevée,Informatique,Oui,72.8
NS11852,SES,61.0,60.0,74.0,86.0,68.0,2.0,Élevée,Sciences et technologie,Non,69.8
NS12220,SMP,100.0,86.0,65.1708068781486,74.0,41.0,5.0,Très élevée,Sciences et technologie,Oui,73.2
NS12628,SMP,96.0,84.0,61.0,69.0,73.0,4.0,Élevée,Sciences et technologie,Oui,76.6
NS12105,SES,60.0,66.0,58.0,82.0,92.0,4.0,Très élevée,Économie et société,Oui,71.6
NS10133,LLA,55.0,41.0,49.0,97.0,82.0,3.0,Élevée,Lettres et langues,Non,64.8
NS11140,SMP,79.0,76.0,58.0,70.0,63.0,5.0,Moyenne,Informatique,Oui,69.2
NS10933,LLA,61.0,32.0,69.0,90.0,74.0,3.0,Élevée,Lettres et langues,Oui,65.2
NS10928,SES,64.0,62.0,90.0,77.0,64.0,2.0,Élevée,Sciences et technologie,Oui,71.4
NS10823,SES,59.4942512527572,58.0,53.24624974111399,79.0,70.0,2.0,Élevée,Économie et société,Oui,63.9
NS11531,LLA,52.0,56.0,,100.0,71.0,3.0,Très élevée,Lettres et langues,Non,69.2
NS11214,SMP,90.0,98.0,83.0,73.0,69.0,5.0,Élevée,Informatique,Oui,82.6
NS10504,SMP,85.0,,78.0,57.0,66.0,5.0,,Sciences et technologie,Oui,75.0
NS12964,SES,58.0,69.0,58.0,72.0,78.0,,Très élevée,Économie et société,Non,67.0
NS12395,SMP,73.0,88.0,82.0,75.0,46.0,,Élevée,Informatique,Non,72.8
NS11996,SES,60.0,66.0,79.0,94.0,65.0,3.0,Élevée,Économie et société,Non,72.8
NS11958,SMP,75.0,85.0,63.0,59.0,75.0,3.0,Très élevée,Informatique,Oui,71.4
NS11384,SVT,71.9546571657329,67.0,86.0,65.0,67.57612123479642,2.0,Très élevée,Santé et environnement,Non,71.5
NS10894,SES,60.0,65.0,61.0,64.0,75.0,3.0,Très élevée,Économie et société,Oui,65.0
NS10828,LLA,59.0,50.0,67.0,94.0,70.0,3.0,Élevée,Lettres et langues,Oui,68.0
NS12920,SVT,87.0,64.0,96.32489470713683,72.0,69.36345483675034,2.0,Élevée,Santé et environnement,Non,77.7
NS11683,SVT,48.0,84.0,86.0,68.0,51.0,4.0,Élevée,Santé et environnement,Oui,67.4
NS12574,SES,66.0,41.0,54.0,61.0,69.0,3.0,Très élevée,Économie et société,Non,58.2
NS12969,SVT,51.0,55.0,79.0,81.0,68.0,3.0,Très élevée,Santé et environnement,Oui,66.8
NS12512,LLA,63.0,50.0,52.0,86.0,77.0,2.0,Très élevée,Lettres et langues,Oui,65.6
NS10652,SVT,81.0,72.0,90.0,75.0,64.0,4.0,Moyenne,Santé et environnement,Oui,76.4
NS10172,SES,52.0,48.0,80.0,79.0,84.0,3.0,Élevée,Économie et société,Non,68.6
NS10038,LLA,59.0,39.0,55.0,86.0,83.0,2.0,Élevée,,Oui,64.4
NS12860,SMP,100.0,67.0,76.0,71.0,56.0,4.0,Très élevée,Sciences et technologie,Oui,74.0
NS10713,LLA,47.0,54.0,62.0,87.0,71.0,,Très élevée,Lettres et langues,Non,64.2
NS10090,LLA,64.0,52.0,53.0,,87.0,3.0,Très élevée,Lettres et langues,Oui,69.8
NS12954,LLA,58.0,62.0,61.42333304563362,81.0,96.3246936126942,3.0,Très élevée,Arts et culture,Oui,71.7
NS11205,SES,66.0,51.0,65.0,77.0,92.0,4.0,Très élevée,,Oui,70.2
NS12585,SVT,68.0,74.0,83.0,55.0,45.0,3.0,Élevée,Santé et environnement,Non,65.0
NS11827,SVT,81.0,80.0,86.0,70.0,50.0,5.0,Très élevée,,Non,73.4
NS11155,SMP,76.0,89.0,68.0,72.0,67.0,4.0,Élevée,Sciences et technologie,Oui,74.4
NS11324,LLA,69.0,56.0,57.0,,73.0,1.0,Très élevée,Arts et culture,Oui,70.0
NS10216,SVT,68.0,48.0,83.0,60.0,48.0,5.0,Très élevée,Sciences et technologie,Non,61.4
NS10510,SVT,80.0,74.0,88.0,63.0,71.0,4.0,Élevée,Sciences et technologie,Oui,75.2
NS11680,LLA,62.0,54.0,39.0,74.0,88.0,3.0,Élevée,Arts et culture,Non,63.4
NS10499,SMP,76.0,81.0,75.0,54.0,58.0,3.0,Élevée,Sciences et technologie,Oui,68.8
NS12548,SES,62.0,44.0,61.0,65.0,79.0,3.0,Élevée,Sciences et technologie,Oui,62.2
NS11856,SVT,61.0,80.0,84.0,71.0,63.0,3.0,Très élevée,Santé et environnement,Non,71.8
NS11388,LLA,45.0,47.349579362217085,37.78972532004835,84.0,84.0,2.0,Très élevée,Arts et culture,Non,59.6
NS11519,SVT,75.31464262455181,79.4957902023029,93.0,61.0,56.0,4.0,Élevée,Santé et environnement,Oui,73.0
NS12386,SMP,80.0,85.0,78.0,79.0,43.0,5.0,Moyenne,Sciences et technologie,Oui,73.0
NS12721,SES,69.0,53.0,78.0,85.0,77.0,3.0,Très élevée,Économie et société,Non,72.4
NS12076,SVT,98.0,74.0,72.0,64.0,64.0,3.0,Élevée,Santé et environnement,Oui,74.4
NS11540,SVT,62.0,65.0,88.0,46.0,57.0,4.0,Élevée,Santé et environnement,Non,63.6
NS11217,SVT,83.0,59.0,,71.0,64.0,4.0,Très élevée,Santé et environnement,Oui,71.4
NS11416,SVT,74.0,64.0,93.0,68.0,68.0,4.0,Très élevée,Santé et environnement,Oui,73.4
NS12217,LLA,56.0,,65.0,86.0,89.0,2.0,Élevée,Arts et culture,Non,71.6
NS12621,SMP,81.0,73.0,63.0,61.0,50.0,4.0,Moyenne,Sciences et technologie,Oui,65.6
NS11676,SMP,78.0,81.0,64.0,70.0,53.0,3.0,Très élevée,Sciences et technologie,Oui,69.2
NS11197,SVT,66.0,69.0,90.0,73.0,88.0,3.0,Élevée,Santé et environnement,,77.2
NS11542,SMP,61.0,85.0,54.0,61.0,61.0,4.0,Élevée,Sciences et technologie,Oui,64.4
NS10953,SES,57.0,51.0,67.0,93.0,77.0,3.0,Très élevée,Économie et société,Non,69.0
NS10750,SES,69.0,52.0,62.0,77.0,70.0,4.0,Faible,Économie et société,Non,66.0
NS10234,SVT,80.0,65.0,82.0,,65.0,3.0,Très élevée,Santé et environnement,Oui,71.6
NS10732,SES,77.0,46.0,54.0,80.0,84.0,4.0,Très élevée,Économie et société,Non,68.2
NS12992,SES,64.0,51.0,66.0,66.0,69.0,4.0,Élevée,Économie et société,Oui,63.2
NS11156,SMP,93.0,97.0,115.0,57.0,74.0,3.0,Élevée,Informatique,,77.8
NS12573,SMP,83.0,73.0,58.0,49.0,75.0,4.0,Élevée,Sciences et technologie,Oui,67.6
NS12445,SVT,69.0,60.0,79.0,74.0,75.0,3.0,Élevée,Sciences et technologie,Oui,71.4
NS11209,SES,73.0,37.0,62.0,68.0,76.0,4.0,Très élevée,Économie et société,Non,63.2
NS11065,LLA,68.0,59.0,62.0,83.0,78.0,2.0,Très élevée,Arts et culture,Non,70.0
NS12156,LLA,54.0,32.0,63.0,79.0,70.0,2.0,Très élevée,Lettres et langues,Oui,59.6
NS11062,SES,60.0,46.0,72.0,79.0,,3.0,Élevée,,Oui,67.8
NS11167,LLA,45.0,45.0,,85.0,70.0,,Élevée,Lettres et langues,Non,59.6
NS11492,LLA,57.0,55.0,61.0,87.0,84.0,3.0,Très élevée,,Non,68.8
NS12474,LLA,47.0,60.0,65.0,76.0,71.0,2.0,Élevée,Arts et culture,Oui,63.8
NS10884,SMP,89.86623946086135,84.0,51.0,62.0,72.93837979687973,5.0,Élevée,Informatique,Oui,72.0
NS10143,SVT,82.0,66.0,100.0,58.0,69.0,5.0,Très élevée,Santé et environnement,Non,75.0
NS12942,SES,70.0,62.0,72.0,65.0,73.0,4.0,Très élevée,Sciences et technologie,Non,68.4
NS10850,SES,73.0,72.0,61.0,83.0,65.0,3.0,Très élevée,Sciences et technologie,Oui,70.8
NS10717,SES,60.0,56.0,52.0,77.0,81.0,3.0,Très élevée,Économie et société,Oui,65.2
NS12864,LLA,56.0,41.0,65.0,96.0,80.0,2.0,Très élevée,Lettres et langues,Non,67.6
NS10264,SES,68.0,82.0,46.0,76.0,91.0,3.0,Très élevée,Économie et société,Oui,72.6
NS10075,SES,61.0,61.0,47.0,63.0,78.0,4.0,Très élevée,Économie et société,Oui,62.0
NS10395,SES,68.0,49.0,53.0,61.0,79.0,3.0,Élevée,Économie et société,Non,62.0
NS12545,SES,62.0,43.0,64.0,85.0,100.0,,Élevée,Sciences et technologie,Oui,70.8
NS12224,SMP,92.0,75.0,64.0,50.0,76.0,4.0,Très élevée,Sciences et technologie,Non,71.4
NS12799,LLA,68.0,62.0,63.0,91.0,84.0,3.0,Élevée,Lettres et langues,Non,73.6
NS10396,SVT,70.0,67.0,88.0,79.0,62.0,4.0,Très élevée,Sciences et technologie,Non,73.2
NS11365,LLA,55.0,56.0,67.0,83.0,78.0,,Très élevée,Arts et culture,,67.8
NS12500,SVT,95.0,56.0,,64.0,75.0,4.0,Élevée,Santé et environnement,Oui,76.0
NS11903,SMP,88.0,77.0,77.0,60.0,46.0,4.0,Élevée,Sciences et technologie,,69.6
NS10595,SMP,82.0,96.0,78.0,54.0,65.0,4.0,Très élevée,Sciences et technologie,Oui,75.0
NS12109,LLA,63.0,51.0,58.0,,,1.0,Élevée,Arts et culture,Non,68.0
NS11296,SMP,73.0,95.0,76.0,62.0,58.0,4.0,Moyenne,Informatique,Oui,72.8
NS11821,SVT,70.0,81.0,88.0,56.0,65.0,3.0,Élevée,Sciences et technologie,Non,72.0
NS10872,SES,62.0,54.0,65.0,97.0,78.0,4.0,Moyenne,Économie et société,Non,71.2
NS12911,SES,74.0,54.0,67.0,75.77983743040092,86.06615756098091,3.0,Très élevée,Sciences et technologie,Non,71.4
NS12326,SMP,71.0,80.0,87.0,69.0,68.0,5.0,Élevée,Sciences et technologie,Oui,75.0
NS11548,SMP,85.0,75.0,65.0,67.0,60.0,,Très élevée,Informatique,Oui,70.4
NS10036,SES,54.68073761142925,35.0,65.46378483596163,74.0,70.0,2.0,Très élevée,Économie et société,,59.8
NS12526,SES,69.0,65.0,59.0,,88.0,3.0,Très élevée,Économie et société,Non,69.4
NS12143,SES,62.0,48.0,65.0,77.0,92.0,2.0,Élevée,Économie et société,Oui,68.8
NS12940,SES,45.0,74.0,,76.0,78.0,2.0,Très élevée,,Oui,64.4
NS10977,SVT,81.0,75.0,86.0,56.0,74.0,4.0,Très élevée,Santé et environnement,Non,74.4
NS11571,LLA,47.0,62.0,54.0,84.0,91.0,4.0,Très élevée,Lettres et langues,Non,67.6
NS11122,LLA,62.0,40.0,69.0,85.0,84.0,2.0,Élevée,,Non,68.0
NS12239,LLA,57.0,64.0,,86.0,73.0,3.0,Élevée,Arts et culture,Non,67.6
NS11892,LLA,61.0,58.0,62.0,85.0,78.0,3.0,Élevée,Arts et culture,Non,68.8
NS10675,SMP,64.0,82.0,69.0,71.0,60.0,4.0,Élevée,Sciences et technologie,Non,69.2
NS10728,SES,85.0,67.0,63.0,82.0,84.0,3.0,Élevée,Économie et société,Non,76.2
NS10412,LLA,57.0,56.0,62.0,89.0,74.0,1.0,Très élevée,Lettres et langues,Non,67.6
NS11516,SVT,64.0,63.0,74.0,49.28692400968464,70.51557548209102,3.0,Très élevée,Sciences et technologie,Oui,64.2
NS11649,LLA,56.0,38.0,67.0,96.0,72.0,3.0,Très élevée,Lettres et langues,Non,65.8
NS10825,SES,68.0,62.0,51.0,87.0,79.0,3.0,Très élevée,Sciences et technologie,Non,69.4
NS10616,SVT,55.0,70.0,95.0,75.0,60.0,4.0,Très élevée,Santé et environnement,Non,71.0
NS10114,SVT,63.0,68.0,73.0,71.0,46.0,4.0,,Sciences et technologie,Non,64.2
NS10417,SES,65.0,64.0,58.0,74.0,71.0,3.0,,Économie et société,Non,66.4
NS11625,SES,73.0,63.0,65.0,80.0,64.0,3.0,Très élevée,Économie et société,Oui,69.0
NS12939,SES,61.12371904958549,47.0,67.0,67.0,64.09124555640493,3.0,Très élevée,Économie et société,Non,61.2
NS10089,LLA,68.0,46.0,72.0,83.0,77.0,1.0,,Arts et culture,Non,69.2
NS12082,SMP,68.0,87.0,63.0,64.0,75.0,5.0,Élevée,Sciences et technologie,Oui,71.4
NS10753,SMP,88.0,85.0,74.0,55.0,47.0,4.0,Élevée,Sciences et technologie,Non,69.8
NS11630,SVT,70.0,77.0,86.0,63.0,68.0,3.0,Très élevée,Santé et environnement,Oui,72.8
NS10011,LLA,58.0,73.0,68.0,85.0,73.0,3.0,Élevée,Arts et culture,Non,71.4
NS12444,SMP,78.0,84.0,85.0,73.0,68.0,3.0,Élevée,Sciences et technologie,Oui,77.6
NS10284,LLA,74.0,49.0,51.0,77.0,,,Très élevée,,Non,66.4
NS11066,SVT,79.0,69.0,79.0,74.0,50.0,4.0,Très élevée,Santé et environnement,Oui,70.2
NS11191,SVT,68.0,63.0,93.0,82.0,69.0,4.0,Très élevée,Sciences et technologie,Oui,75.0
NS11440,SMP,78.0,100.0,64.0,57.0,74.0,4.0,Très élevée,Sciences et technologie,Oui,74.6
NS12801,SVT,66.0,60.0,78.0,62.0,44.0,4.0,Très élevée,Sciences et technologie,Oui,62.0
NS12800,SES,74.0,67.0,66.0,73.0,84.0,2.0,Moyenne,Économie et société,Non,72.8
NS12710,SMP,75.0,81.0,80.0,67.0,61.0,5.0,Très élevée,Informatique,Oui,72.8
NS11568,SES,76.0,48.0,47.0,71.0,100.0,3.0,Très élevée,Sciences et technologie,Oui,68.4
NS12427,SES,77.0,64.0,56.0,50.0,82.0,3.0,Très élevée,Sciences et technologie,Non,65.8
NS12577,SES,63.0,76.0,59.0,67.0,72.0,3.0,Élevée,Économie et société,Non,67.4
NS11687,LLA,70.0,66.0,60.0,79.0,74.0,1.0,Très élevée,Lettres et langues,Non,69.8
NS10851,LLA,53.0,65.0,70.0,80.0,77.0,2.0,Très élevée,Lettres et langues,Non,69.0
NS12207,SVT,76.0,70.0,100.0,79.0,80.0,3.0,Très élevée,Santé et environnement,Oui,81.0
NS10895,LLA,55.0,50.0,65.0,91.0,67.0,3.0,Élevée,Arts et culture,Non,65.6
NS10496,SES,69.0,70.0,61.0,83.0,93.0,2.0,Élevée,Sciences et technologie,Non,75.2
NS12305,SMP,81.0,86.0,59.0,51.0,44.0,5.0,Élevée,Sciences et technologie,Oui,64.2
NS11782,SVT,65.0,56.0,84.0,65.0,65.0,3.0,Moyenne,Sciences et technologie,Non,67.0
NS10335,SVT,65.0,84.0,85.0,70.0,56.0,2.0,Très élevée,Santé et environnement,Non,72.0
NS10515,LLA,56.0,42.0,62.0,100.0,76.0,2.0,Très élevée,Arts et culture,Non,67.2
NS11348,SMP,87.0,67.0,65.0,60.0,62.0,5.0,Élevée,Sciences et technologie,Oui,68.2
NS11015,SES,70.0,48.0,58.26253334095144,78.0,99.14960654545516,3.0,Très élevée,Économie et société,Oui,70.7
NS12808,LLA,56.0,52.0,52.0,90.0,89.0,4.0,Élevée,Arts et culture,Non,67.8
NS12803,SMP,94.0,83.0,60.0,52.0,75.0,5.0,Élevée,Sciences et technologie,Oui,72.8
NS11781,SVT,63.0,62.0,93.0,68.0,60.0,4.0,Très élevée,,Oui,69.2
NS11785,LLA,53.0,60.0,63.0,76.0,81.0,3.0,Élevée,Lettres et langues,Non,66.6
NS12070,SMP,80.0,,58.0,56.0,48.0,4.0,Élevée,Sciences et technologie,Non,64.2
NS10356,SVT,,73.0,83.0,64.0,74.0,4.0,Élevée,Santé et environnement,Oui,71.6
NS12852,SVT,64.0,47.0,72.0,75.0,62.0,4.0,Élevée,Santé et environnement,Oui,64.0
NS11312,SES,52.0,53.0,57.0,83.0,86.0,4.0,Très élevée,Sciences et technologie,Oui,66.2
NS11635,SVT,68.0,64.0,74.0,67.0,68.0,3.0,Très élevée,Sciences et technologie,Oui,68.2
NS10550,LLA,73.0,52.0,43.0,78.0,54.0,3.0,Très élevée,Arts et culture,Oui,60.0
NS12388,SES,67.0,50.0,53.0,69.0,,3.0,Très élevée,Économie et société,Non,65.6
NS12479,SVT,65.0,78.0,72.0,77.0,73.0,3.0,Élevée,Santé et environnement,Non,73.0
NS12521,SVT,69.0,92.0,78.0,77.0,47.0,4.0,Très élevée,Santé et environnement,Oui,72.6
NS12265,SVT,77.0,69.0,96.0,54.0,77.0,3.0,Très élevée,Santé et environnement,Non,74.6
NS11227,SMP,72.0,100.0,56.0,68.0,65.0,4.0,Moyenne,Informatique,Oui,72.2
NS12822,LLA,51.0,48.0,64.0,86.0,88.0,2.0,Très élevée,Arts et culture,Non,67.4
NS10957,LLA,53.0,52.0,70.0,98.0,87.0,2.0,Élevée,Lettres et langues,Non,72.0
NS11773,SMP,73.0,81.0,64.0,52.49254955750468,58.2895154957138,3.0,Moyenne,Sciences et technologie,Oui,65.8
NS12141,SMP,74.0,86.0,66.0,74.0,64.0,4.0,Élevée,Sciences et technologie,Oui,72.8
NS11008,LLA,45.0,59.0,61.0,86.0,70.0,2.0,Très élevée,Lettres et langues,Oui,64.2
NS11092,SVT,70.0,75.0,84.0,68.0,55.0,3.0,Moyenne,Sciences et technologie,Non,70.4
NS12674,SVT,61.0,70.0,85.0,84.0,74.0,3.0,Très élevée,Santé et environnement,Oui,74.8
NS10996,LLA,57.0,43.0,44.0,83.0,80.0,2.0,Élevée,Lettres et langues,Non,61.4
NS11679,SVT,56.0,60.0,95.0,61.0,59.0,4.0,Très élevée,Santé et environnement,Non,66.2
NS10153,SMP,70.0,84.0,65.0,61.0,54.0,5.0,Élevée,Sciences et technologie,Non,66.8
NS12782,SES,56.0,55.0,56.0,77.0,67.0,3.0,Très élevée,Sciences et technologie,Non,62.2
NS10580,SES,58.0,54.0,59.0,78.0,,4.0,Élevée,Économie et société,Oui,68.8
NS11470,SES,75.0,58.0,60.0,84.0,88.0,3.0,Moyenne,Sciences et technologie,Non,73.0
NS10703,SVT,59.0,64.0,89.0,82.0,70.0,3.0,Élevée,Santé et environnement,Oui,72.8
NS11212,SES,50.0,41.56983153620785,53.0,61.79623828409397,88.0,4.0,Élevée,Économie et société,Oui,58.9
NS10896,LLA,72.0,51.0,67.0,94.0,75.0,2.0,Très élevée,Arts et culture,Non,71.8
NS10487,SVT,84.0,68.0,86.0,70.0,66.0,3.0,Très élevée,Santé et environnement,Non,74.8
NS10559,SVT,79.0,54.0,96.0,65.0,81.0,4.0,Très élevée,Sciences et technologie,Oui,75.0
NS11141,LLA,43.0,56.0,,92.0,61.0,2.0,Élevée,Arts et culture,Oui,61.6
NS11119,SES,58.0,22.0,66.0,84.0,87.0,4.0,Élevée,Économie et société,Non,63.4
NS10512,LLA,50.0,48.0,61.0,91.0,69.0,,Très élevée,Arts et culture,Oui,63.8
NS10633,SES,89.0,,,87.0,79.0,4.0,Élevée,Économie et société,Non,75.8
NS12584,SVT,57.0,80.0,68.0,75.0,62.0,4.0,Faible,Sciences et technologie,Oui,68.4
NS11664,SVT,,89.0,97.0,70.42516843522246,67.0,3.0,Très élevée,Sciences et technologie,Oui,80.2
NS11012,SVT,71.0,68.0,90.0,58.0,70.0,4.0,Moyenne,Sciences et technologie,Non,71.4
NS11931,SVT,80.0,60.0,89.0,74.0,54.0,4.0,Très élevée,Santé et environnement,Non,71.4
NS11150,SVT,75.95120677034443,61.0,93.0,67.92001192102866,60.0,3.0,Très élevée,Sciences et technologie,Non,71.6
NS12805,SMP,72.0,100.0,81.0,86.0,69.0,3.0,Élevée,Informatique,Oui,81.6
NS10116,SMP,93.0,72.0,,61.0,,4.0,Élevée,Informatique,Oui,73.8
NS10740,LLA,53.0,66.0,66.0,77.0,95.0,4.0,Élevée,Lettres et langues,Non,71.4
NS12763,SMP,85.0,68.0,58.0,74.0,56.0,5.0,Très élevée,Informatique,Oui,68.2
NS11974,LLA,52.0,56.0,52.0,77.0,83.0,,Très élevée,Lettres et langues,Non,64.0
NS11081,SVT,82.0,76.0,70.0,76.0,63.0,3.0,Très élevée,Santé et environnement,Oui,73.4
NS11810,LLA,68.0,42.0,62.0,100.0,80.0,3.0,Très élevée,Lettres et langues,Oui,70.4
NS10830,LLA,69.58830861598646,54.0,63.0,67.0,80.40481199406469,2.0,Élevée,Arts et culture,Oui,66.8
NS10119,SVT,68.0,80.0,62.0,81.0,67.0,,Très élevée,Sciences et technologie,Oui,71.6
NS10656,LLA,49.0,50.0,53.0,83.0,84.0,3.0,Élevée,Lettres et langues,Non,63.8
NS12732,LLA,75.0,37.0,56.0,81.0,82.0,2.0,Élevée,Lettres et langues,Oui,66.2
NS12692,SMP,77.0,93.0,72.0,60.0,60.0,5.0,Très élevée,Sciences et technologie,Oui,72.4
NS12932,LLA,61.0,57.0,47.0,96.0,67.0,3.0,Élevée,Lettres et langues,Non,65.6
NS10635,LLA,67.0,48.0,42.0,97.0,68.0,2.0,Très élevée,Lettres et langues,Non,64.4
NS10369,SMP,74.0,,74.0,,72.0,4.0,Très élevée,Sciences et technologie,Oui,74.2
NS10268,LLA,47.0,57.0,60.0,70.0,58.0,2.0,Très élevée,Lettres et langues,Oui,58.4
NS10046,SES,56.0,54.0,49.851235726904,69.0,100.0,4.0,Élevée,Sciences et technologie,Oui,65.8
NS10991,LLA,51.0,39.0,64.0,89.0,72.0,2.0,Très élevée,Lettres et langues,Non,63.0
NS10876,SMP,80.0,86.0,,67.0,75.0,3.0,Très élevée,Informatique,Non,74.0
NS10773,SVT,86.0,84.0,85.0,86.0,47.0,3.0,Élevée,Sciences et technologie,Non,77.6
NS11219,SVT,74.0,59.0,68.0,70.0,61.0,3.0,Très élevée,Sciences et technologie,Oui,66.4
NS11126,SVT,,61.0,81.0,87.0,53.0,2.0,Très élevée,Santé et environnement,Non,74.0
NS10004,SVT,78.0,64.0,79.0,62.0,79.0,2.0,Élevée,Sciences et technologie,Non,72.4
NS11595,SES,75.0,52.0,,77.0,85.0,3.0,Élevée,Sciences et technologie,Oui,72.2
NS12311,SES,56.0,57.0,69.0,,82.0,3.0,,Sciences et technologie,Non,66.6
NS12491,SMP,95.0,69.0,73.0,76.0,63.0,4.0,Moyenne,Sciences et technologie,Oui,75.2
NS11077,SMP,74.0,74.0,76.0,64.0,58.0,5.0,Élevée,Informatique,Oui,69.2
NS10837,SMP,97.53984316396034,79.0,70.0,,64.9199606420005,5.0,Très élevée,Sciences et technologie,Oui,76.5
NS10681,SVT,69.31370382684811,79.0,84.0,63.0,56.863296377982095,3.0,Élevée,,Non,70.4
NS11715,LLA,48.0,41.0,51.0,82.0,72.0,4.0,Très élevée,Lettres et langues,Non,58.8
NS12352,SVT,60.0,72.0,77.0,59.0,55.0,3.0,Élevée,Santé et environnement,Non,64.6
NS12361,LLA,54.0,48.0,47.0,95.0,80.0,4.0,Très élevée,Arts et culture,Non,64.8
NS12197,SES,57.0,60.0,62.0,88.0,68.0,,Élevée,Économie et société,Non,67.0
NS11148,SVT,72.0,69.0,72.0,84.0,65.0,2.0,Moyenne,Santé et environnement,Oui,72.4
NS10574,SVT,66.0,61.0,80.0,76.0,,3.0,Très élevée,Sciences et technologie,Non,69.0
NS10050,SES,67.0,65.0,51.0,81.0,77.0,3.0,Élevée,Économie et société,Non,68.2
NS10853,SVT,64.0,77.0,90.0,71.0,69.0,3.0,Élevée,Santé et environnement,Non,74.2
NS11982,SVT,65.0,71.0,83.0,81.0,,4.0,Très élevée,Sciences et technologie,Oui,75.8
NS11823,SVT,79.0,70.0,89.0,59.0,,3.0,Très élevée,Santé et environnement,Non,67.8
NS10833,SMP,80.0,83.0,73.0,72.0,55.0,4.0,Élevée,Sciences et technologie,Oui,72.6
NS11115,SVT,61.0,62.0,83.0,94.0,61.0,5.0,Élevée,Santé et environnement,Non,72.2
NS11166,SVT,66.0,75.0,84.0,58.0,56.0,2.0,Élevée,Santé et environnement,Oui,67.8
NS12518,SVT,64.0,63.0,75.0,78.0,68.0,4.0,Élevée,Santé et environnement,Non,69.6
NS11906,SVT,59.0,69.0,81.0,,81.0,4.0,Très élevée,Santé et environnement,Oui,69.4
NS10971,LLA,71.0,34.0,,80.0,85.0,3.0,Élevée,Lettres et langues,Oui,67.6
NS10399,SES,74.0,,78.0,57.0,73.0,3.0,Élevée,Sciences et technologie,Oui,68.0
NS12559,SES,68.0,66.0,61.0,84.0,79.0,3.0,Très élevée,Économie et société,Oui,71.6
NS12368,SES,61.0,50.0,51.0,90.0,73.0,3.0,Très élevée,Économie et société,Oui,65.0
NS10019,SMP,87.0,77.0,56.0,61.0,59.0,4.0,Élevée,Sciences et technologie,Oui,68.0
NS10684,SES,64.0,56.0,,69.0,75.0,2.0,Très élevée,Économie et société,Oui,65.0
NS10035,LLA,71.0,67.0,48.0,75.0,95.0,3.0,Élevée,Arts et culture,Non,71.2
NS12829,SVT,78.0,58.0,88.0,65.0,58.0,4.0,Moyenne,Santé et environnement,Non,69.4
NS10524,SVT,54.0,62.0,87.0,50.0,74.0,5.0,Très élevée,Santé et environnement,Non,65.4
NS12455,LLA,64.0,44.0,62.0,99.0,81.0,3.0,Très élevée,Arts et culture,Non,70.0
NS10920,SVT,67.0,62.0,75.0,61.0,66.0,4.0,Très élevée,Santé et environnement,Oui,66.2
NS11841,SVT,66.0,70.0,,71.0,72.0,3.0,Élevée,Santé et environnement,Oui,70.4
NS11890,SES,67.0,69.0,54.0,,75.0,3.0,Très élevée,Sciences et technologie,Oui,70.2
NS10537,SMP,78.0,82.0,67.0,75.0,57.0,4.0,Très élevée,Informatique,Non,71.8
NS11705,SVT,72.0,89.0,95.0,70.0,68.0,3.0,Élevée,Santé et environnement,Non,78.8
NS12931,SMP,69.0,95.0,68.0,62.0,75.0,4.0,,Sciences et technologie,Non,73.8
NS10245,SMP,69.0,63.0,57.0,59.0,60.0,5.0,,Sciences et technologie,Non,61.6
NS10784,SVT,75.0,58.0,78.0,57.0,59.0,3.0,Élevée,Santé et environnement,Oui,65.4
NS11409,SVT,63.0,82.0,80.0,70.0,62.0,4.0,Élevée,Santé et environnement,Non,71.4
NS12537,LLA,56.0,47.0,40.0,74.0,69.0,3.0,Très élevée,Lettres et langues,Non,57.2
NS10154,SES,61.0,84.0,49.0,68.0,58.0,3.0,Élevée,Sciences et technologie,Non,64.0
NS11686,LLA,78.0,49.0,55.0,79.0,73.0,3.0,Élevée,Lettres et langues,Non,66.8
NS10625,SES,63.0,57.0,71.0,,83.0,3.0,Élevée,Économie et société,Oui,67.4
NS12876,SVT,77.0,94.1758392051872,96.0,57.13281835843194,63.0,3.0,Très élevée,Santé et environnement,Oui,77.5
NS11346,SVT,78.0,88.0,84.0,,54.0,2.0,Élevée,,Oui,75.8
NS10569,LLA,59.0,52.0,49.34677355669064,85.0,79.52780498307277,3.0,Élevée,Lettres et langues,Oui,65.0
NS12933,SVT,74.0,59.0,73.0,,52.0,4.0,Très élevée,Santé et environnement,,62.4
NS11758,SMP,91.0,74.0,49.0,82.0,54.0,4.0,Élevée,Informatique,Oui,70.0
NS11816,SMP,79.0,97.0,72.0,62.0,71.0,4.0,Très élevée,Sciences et technologie,Oui,76.2
NS12065,SMP,68.0,73.0,52.0,65.0,68.0,4.0,Élevée,Informatique,Oui,65.2
NS10127,LLA,67.0,34.0,48.0,87.0,78.0,4.0,Moyenne,,Non,62.8
NS12977,SMP,81.0,82.0,64.0,77.0,69.0,,Élevée,Sciences et technologie,Oui,74.6
NS12006,SVT,81.0,77.0,78.0,86.0,61.0,4.0,Moyenne,Santé et environnement,Oui,76.6
NS10980,LLA,79.0,32.0,57.0,83.0,79.0,3.0,Très élevée,Arts et culture,Non,66.0
NS12974,SES,79.0,60.0,78.0,76.0,79.0,3.0,Très élevée,Économie et société,,74.4
NS10190,SMP,85.0,82.0,63.0,59.0,52.0,3.0,Moyenne,Sciences et technologie,Oui,68.2
NS11139,SVT,75.0,68.0,84.0,68.0,43.0,3.0,Élevée,Sciences et technologie,Non,67.6
NS10992,LLA,56.0,53.0,76.0,77.0,77.0,2.0,Très élevée,Lettres et langues,Non,67.8
NS10699,SES,69.9138278800171,55.0,58.0,71.0,94.1240787316201,3.0,Très élevée,Économie et société,Oui,69.6
NS10606,LLA,,51.0,72.0,100.0,65.0,2.0,Très élevée,Arts et culture,Non,70.8
NS10180,SES,68.0,62.0,54.0,62.0,73.0,2.0,Élevée,Économie et société,Non,63.8
NS10301,SVT,73.0,76.0,93.0,68.0,69.0,2.0,Très élevée,Sciences et technologie,Oui,75.8
NS12544,SES,68.0,61.0,51.0,76.0,93.0,3.0,Très élevée,Sciences et technologie,Non,69.8
NS12775,SES,54.0,48.0,70.0,72.0,77.0,2.0,Élevée,Sciences et technologie,Oui,64.2
NS11060,LLA,52.0,55.0,59.0,88.0,77.0,3.0,,Arts et culture,Oui,66.2
NS12819,SES,66.0,65.0,54.0,76.0,81.0,4.0,Élevée,Économie et société,Non,68.4
NS12878,SMP,83.0,73.0,66.0,59.0,75.0,4.0,Très élevée,Sciences et technologie,Non,71.2
NS12565,SVT,78.1525334020408,56.41647071240187,84.0,83.0,55.0,3.0,Très élevée,Sciences et technologie,Non,71.3
NS11069,SES,83.0,47.0,60.0,84.0,70.0,2.0,Très élevée,Sciences et technologie,Oui,68.8
NS12524,LLA,65.0,49.0,58.0,77.0,73.0,3.0,Élevée,Lettres et langues,Non,64.4
NS12205,SVT,49.0,78.0,79.0,77.0,72.0,4.0,Élevée,Santé et environnement,Oui,71.0
NS11243,SVT,56.0,74.0,76.0,80.0,79.0,4.0,Élevée,Santé et environnement,Non,73.0
NS10016,SVT,88.0,75.0,88.0,78.0,53.0,3.0,Élevée,Santé et environnement,Oui,76.4
NS12980,SMP,93.0,82.0,60.0,65.0,56.0,4.0,Élevée,Sciences et technologie,Oui,71.2
NS10546,SMP,86.0,71.0,71.0,67.0,60.0,4.0,Très élevée,Sciences et technologie,Non,71.0
NS10658,LLA,58.0,43.0,42.0,81.0,87.0,1.0,Très élevée,Lettres et langues,Non,62.2
NS12704,SMP,83.0,86.0,57.0,73.0,69.0,5.0,Élevée,Sciences et technologie,Oui,73.6
NS12735,SMP,80.0,65.0,66.0,76.0,54.0,4.0,,Sciences et technologie,Non,68.2
NS11504,LLA,53.0,44.0,53.0,79.0,89.0,2.0,Très élevée,Arts et culture,Non,63.6
NS10959,SMP,71.0,77.0,47.0,66.0,60.0,5.0,Très élevée,Informatique,Oui,64.2
NS12331,SES,87.0,58.0,62.0,82.0,87.0,3.0,Très élevée,Économie et société,Non,75.2
NS10797,LLA,59.0,44.78170518399522,,84.0,93.72532844658556,3.0,Très élevée,Arts et culture,,68.3
NS10225,SVT,64.43673439960841,65.0,96.0,60.60857015733932,68.0,4.0,Élevée,Santé et environnement,Non,70.8
NS12074,LLA,64.0,58.0,63.0,70.0,79.0,3.0,Moyenne,Arts et culture,,66.8
NS11799,LLA,66.0,31.0,50.0,90.0,78.0,2.0,,Lettres et langues,Non,63.0
NS12485,SMP,72.0,81.0,73.51004449706195,75.112428293507,62.0,,Très élevée,Sciences et technologie,,72.7
NS12962,SMP,75.0,90.0,66.0,74.0,55.0,4.0,Très élevée,Sciences et technologie,Oui,72.0
NS12277,LLA,57.0,68.0,67.0,71.0,,2.0,Très élevée,Lettres et langues,Oui,67.6
NS12085,SES,56.0,57.0,44.0,43.0,65.0,4.0,Très élevée,Économie et société,Non,53.0
NS11693,SMP,88.0,78.0,74.0,59.0,58.0,4.0,Moyenne,Sciences et technologie,Oui,71.4
NS11045,SVT,66.0,87.0,76.0,56.0,69.0,,Élevée,Santé et environnement,Non,70.8
NS10469,SVT,56.0,68.0,78.0,62.0,65.0,3.0,Très élevée,Santé et environnement,,65.8
NS10954,SVT,65.0,50.0,86.0,74.0,60.0,4.0,Élevée,Sciences et technologie,Oui,67.0
NS12976,SES,50.0,54.0,64.0,83.0,83.0,4.0,Très élevée,Économie et société,Oui,66.8
NS10639,SVT,61.0,70.0,84.0,75.0,78.0,3.0,Élevée,Sciences et technologie,Non,73.6
NS12778,SVT,79.0,64.0,82.0,63.0,55.0,4.0,Élevée,Santé et environnement,Non,68.6
NS11218,LLA,48.0,56.0,65.0,83.0,79.0,3.0,Très élevée,Arts et culture,Non,66.2
NS11158,SMP,79.0,78.0,80.0,63.0,58.0,5.0,Très élevée,Sciences et technologie,Oui,71.6
NS11415,SMP,100.0,94.0,75.0,58.0,56.0,,Élevée,Sciences et technologie,Non,76.6
NS12713,SMP,76.0,60.0,58.0,66.0,57.0,4.0,Moyenne,Sciences et technologie,Non,63.4
NS11527,SES,73.0,73.0,59.0,73.0,88.0,3.0,Très élevée,Sciences et technologie,Oui,73.2
NS12921,SMP,83.17026519682017,57.11601984952736,77.0,53.0,67.0,3.0,Très élevée,Sciences et technologie,Non,67.5
NS11300,LLA,55.0,34.0,72.0,90.0,81.0,2.0,Très élevée,Lettres et langues,Non,66.4
NS12866,SES,66.0,65.0,52.0,66.0,100.0,4.0,Élevée,Économie et société,Non,69.8
NS11603,LLA,68.0,39.0,60.0,100.0,,2.0,Très élevée,Lettres et langues,Non,68.6
NS10160,SES,54.0,59.0,53.0,90.0,65.0,5.0,Très élevée,Sciences et technologie,Oui,64.2
NS11704,LLA,61.0,69.0,53.0,69.0,88.0,3.0,Moyenne,Lettres et langues,Non,68.0
NS10956,SES,70.0,46.0,59.86429931174658,81.0,78.84290917084134,4.0,Élevée,Économie et société,Oui,67.1
NS12915,SVT,72.0,70.0,80.0,64.0,65.0,3.0,Élevée,Santé et environnement,Non,70.2
NS10877,LLA,70.0,64.0,51.0,90.0,70.0,2.0,Très élevée,Lettres et langues,Non,69.0
NS11919,SVT,74.0,73.0,81.0,77.0,49.0,3.0,Élevée,Santé et environnement,Oui,70.8
NS11884,SMP,80.0,82.0,71.0,64.0,66.0,4.0,Moyenne,,Oui,72.6
NS12200,SMP,74.0,87.0,65.0,52.0,71.0,5.0,Élevée,Sciences et technologie,Oui,69.8
NS10098,SMP,90.0,96.0,66.0,76.0,55.0,3.0,Élevée,Sciences et technologie,Oui,76.6
NS12827,SES,59.0,56.0,57.0,62.0,80.0,3.0,Très élevée,Économie et société,,62.8
NS12557,LLA,49.0,48.0,57.0,78.0,86.0,3.0,Très élevée,Lettres et langues,Oui,63.6
NS10253,LLA,65.0,43.0,58.0,99.0,90.0,2.0,Moyenne,Arts et culture,Non,71.0
NS10103,SVT,61.0,75.0,90.0,64.0,65.0,4.0,Très élevée,Santé et environnement,Non,71.0
NS11445,SES,71.0,49.0,47.0,75.0,78.0,3.0,Moyenne,Économie et société,Non,64.0
NS11443,LLA,61.0,54.0,,96.0,75.0,2.0,Très élevée,Lettres et langues,Non,68.2
NS11648,SVT,72.0,63.0,79.0,79.0,82.0,4.0,Très élevée,Santé et environnement,Oui,75.0
NS10586,SMP,70.0,91.0,63.0,69.0,,3.0,Élevée,Informatique,Oui,71.0
NS10627,LLA,53.0,60.0,42.0,76.0,,3.0,Très élevée,Arts et culture,Oui,62.2
NS11696,LLA,46.0,46.0,54.0,82.0,73.0,2.0,Élevée,Lettres et langues,Non,60.2
NS12101,SES,63.0,53.0,59.0,66.0,74.0,3.0,Très élevée,Économie et société,Non,63.0
NS12199,LLA,53.0,61.0,57.0,81.0,77.0,3.0,Très élevée,Lettres et langues,Non,65.8
NS10403,SMP,87.0,72.0,66.0,82.0,72.0,5.0,Élevée,Sciences et technologie,Oui,75.8
NS11154,SES,72.0,46.0,80.0,71.0,92.0,2.0,Très élevée,Économie et société,Oui,72.2
NS12255,SVT,61.0,78.0,91.0,78.0,78.0,2.0,Très élevée,,Oui,77.2
NS11682,LLA,53.0,50.0,51.0,97.58562565236056,74.34639983371656,2.0,Élevée,,Non,65.2
NS12056,SES,70.0,60.0,81.0,91.0,90.0,4.0,Très élevée,Économie et société,Oui,78.4
NS12844,SES,56.0,55.0,70.0,75.0,63.0,4.0,Moyenne,Économie et société,Oui,63.8
NS10452,SMP,82.0,80.0,70.0,60.0,87.0,3.0,Très élevée,Sciences et technologie,Oui,75.8
NS12301,LLA,57.0,47.0,52.0,77.0,77.0,2.0,Très élevée,Arts et culture,Oui,62.0
NS11327,LLA,51.0,45.0,58.0,73.0,78.0,3.0,Élevée,Arts et culture,Oui,61.0
NS12049,LLA,62.0,63.0,50.0,90.0,76.0,3.0,Élevée,Arts et culture,Non,68.2
NS10880,SVT,69.0,59.0,80.0,86.0,56.0,3.0,Très élevée,Sciences et technologie,Oui,70.0
NS12918,SVT,88.00221908979634,71.681442748972,92.0,84.0,68.0,3.0,Très élevée,Santé et environnement,Non,80.7
NS10623,SVT,71.0,57.0,72.0,73.0,85.0,4.0,Élevée,Santé et environnement,Oui,71.6
NS12393,SVT,59.0,72.0,75.0,61.0,51.0,4.0,Élevée,Santé et environnement,Oui,63.6
NS12772,SMP,80.0,80.0,62.0,46.0,38.0,5.0,Élevée,Sciences et technologie,Oui,61.2
NS11787,SES,63.0,51.0,59.0,78.0,81.0,4.0,Très élevée,Économie et société,Oui,66.4
NS10262,SVT,71.0,61.0,75.24155470540074,55.0,68.80654558540672,,Très élevée,Santé et environnement,Non,66.2
NS11634,SMP,90.0,91.0,53.0,70.0,66.0,5.0,Élevée,Informatique,Oui,74.0
NS11438,SVT,86.0,,89.0,68.0,59.0,3.0,Très élevée,Santé et environnement,Oui,74.2
NS12198,LLA,74.0,,69.0,87.0,81.0,2.0,Très élevée,Lettres et langues,Non,75.6
NS11969,SES,73.0,56.0,50.0,76.0,81.0,5.0,Très élevée,Économie et société,Oui,67.2
NS12520,SMP,93.0,81.0,69.0,75.0,78.0,5.0,Très élevée,Sciences et technologie,Non,79.2
NS11802,LLA,68.0,58.0,54.0,92.0,77.0,3.0,Très élevée,Arts et culture,Oui,69.8
NS10640,LLA,42.0,43.0,49.0,89.0,69.0,3.0,Très élevée,Lettres et langues,Oui,58.4
NS12385,LLA,58.0,44.0,58.0,91.0,75.0,2.0,Élevée,Lettres et langues,Oui,65.2
NS12598,SMP,76.0,77.0,63.0,77.0,63.0,5.0,Élevée,Sciences et technologie,Oui,71.2
NS12830,SMP,84.0,70.0,62.0,59.0,78.0,5.0,Moyenne,Sciences et technologie,Oui,70.6
NS11959,SES,69.0,43.0,72.0,78.0,79.0,3.0,Élevée,,Non,68.2
NS10488,LLA,55.0,46.0,76.0,91.0,82.0,3.0,Très élevée,Arts et culture,Oui,70.0
NS11843,SMP,70.0,67.0,62.0,62.0,60.0,5.0,,Informatique,Oui,64.2
NS11734,SVT,62.0,66.0,85.58530214781103,70.4652732523004,51.0,2.0,Élevée,Santé et environnement,Oui,67.0
NS10146,SMP,79.0,80.0,43.0,60.0,67.0,4.0,Élevée,Sciences et technologie,Oui,65.8
NS11534,SES,65.0,50.0,54.0,89.0,81.0,3.0,Très élevée,Économie et société,Oui,67.8
NS11986,LLA,47.0,54.0,49.0,83.0,79.0,3.0,Élevée,Lettres et langues,Non,62.4
NS11369,SVT,73.0,56.0,90.0,86.0,59.0,4.0,Élevée,Santé et environnement,Non,72.8
NS12450,LLA,65.0,51.0,74.0,91.0,74.0,3.0,Élevée,Lettres et langues,Non,71.0
NS12936,LLA,66.0,63.0,56.0,96.0,71.0,2.0,Très élevée,Lettres et langues,Non,70.4
NS10659,LLA,43.0,40.0,67.0,100.0,86.0,3.0,Élevée,Arts et culture,Non,67.2
NS11794,LLA,55.05338886298421,60.0,54.91268253690025,92.0,,3.0,Très élevée,Lettres et langues,Non,68.6
NS12511,LLA,61.0,43.0,70.0,85.0,83.0,3.0,Très élevée,Arts et culture,Oui,68.4
NS10186,SES,75.0,49.04778527286693,59.0,63.0,76.12553198492672,3.0,Très élevée,,Oui,64.4
NS11147,SVT,62.0,70.0,80.0,65.0,74.0,3.0,Élevée,Sciences et technologie,Non,70.2
NS10608,SES,62.0,70.0,,84.0,100.0,4.0,Élevée,Sciences et technologie,Non,77.8
NS12191,LLA,55.0,55.0,56.0,78.0,82.0,4.0,Moyenne,Arts et culture,Non,65.2
NS11930,SMP,92.0,69.0,67.0,75.0,60.0,4.0,Moyenne,Informatique,Non,72.6
NS10197,SMP,82.0,66.0,81.0,48.0,67.0,4.0,Élevée,Informatique,Oui,68.8
NS12327,LLA,67.0,50.0,43.0,72.0,84.0,2.0,Élevée,Lettres et langues,Non,63.2
NS10293,SVT,84.0,71.0,82.0,80.0,70.0,5.0,Élevée,Santé et environnement,Oui,77.4
NS10766,SMP,,75.0,75.0,66.0,58.0,5.0,Moyenne,Sciences et technologie,Oui,73.2
NS10400,SMP,86.0,85.0,69.0,63.0,54.0,,Très élevée,Sciences et technologie,Oui,71.4
NS10122,SVT,90.0,52.0,90.0,76.0,59.0,2.0,Élevée,Sciences et technologie,Non,73.4
NS10202,SMP,90.0,61.0,75.0,73.0,60.0,5.0,Très élevée,Informatique,Oui,71.8
NS10835,SMP,79.0,86.0,61.0,81.0,66.0,4.0,Très élevée,Informatique,Oui,74.6
NS12294,SVT,,61.0,78.0,83.0,61.0,4.0,Très élevée,Santé et environnement,Non,71.8
NS11439,SMP,86.0,76.0,52.0,82.0,74.0,4.0,Très élevée,Informatique,Oui,74.0
NS11733,SES,73.0,53.0,61.0,69.0,68.0,4.0,Très élevée,Économie et société,Oui,64.8
NS11695,SVT,83.0,62.0,86.0,86.0,78.0,3.0,Moyenne,Sciences et technologie,Non,79.0
NS12928,SVT,59.0,64.0,73.0,86.0,65.0,4.0,Très élevée,Santé et environnement,,69.4
NS11707,SMP,80.0,81.0,77.0,62.0,58.0,5.0,,Sciences et technologie,Oui,71.6
NS12913,SMP,84.0,75.0,71.0,68.0,66.0,3.0,Très élevée,Sciences et technologie,Oui,72.8
NS11153,LLA,53.0,41.0,61.0,89.0,95.0,2.0,Élevée,Arts et culture,Oui,67.8
NS11661,LLA,64.0,41.0,69.0,96.0,75.0,3.0,Élevée,Arts et culture,Non,69.0
NS12432,SMP,71.0,89.0,70.0,53.0,49.0,3.0,Élevée,Informatique,Oui,66.4
NS11759,SVT,74.0,73.0,115.0,73.0,66.0,4.0,Élevée,Sciences et technologie,Oui,75.8
NS10854,SVT,72.0,89.0,81.0,69.0,55.0,2.0,Élevée,Sciences et technologie,Non,73.2
NS11589,LLA,53.0,39.0,59.0,99.0,74.0,,Très élevée,Lettres et langues,Oui,64.8
NS12267,SVT,74.0,53.0,95.0,56.0,,4.0,Élevée,Santé et environnement,Oui,69.0
NS10641,SVT,74.0,62.0,94.0,76.0,62.0,3.0,Très élevée,Santé et environnement,Oui,73.6
NS10001,SES,56.0,,51.0,72.0,70.0,3.0,Très élevée,Économie et société,Oui,60.6
NS12160,SVT,54.0,69.0,83.0,77.0,60.0,3.0,Très élevée,Santé et environnement,Oui,68.6
NS10698,SES,,67.0,48.0,,62.0,4.0,Élevée,Économie et société,Oui,62.2
NS11636,LLA,62.0,51.0,65.0,80.0,85.0,3.0,Élevée,Lettres et langues,Oui,68.6
NS11291,SVT,75.0,77.42293098638731,94.85014049757562,58.0,80.0,3.0,Très élevée,,Non,77.1
NS12856,SMP,83.0,73.0,71.0,,54.0,3.0,Élevée,Informatique,Oui,68.4
NS12489,SMP,82.0,76.0,75.0,55.0,53.0,5.0,Élevée,Informatique,Oui,68.2
NS11520,SMP,92.0,91.0,66.0,70.0,56.0,4.0,Très élevée,Informatique,Oui,75.0
NS11853,SVT,62.0,69.0,76.0,84.0,45.0,3.0,Moyenne,Santé et environnement,Non,67.2
NS11136,SES,57.0,47.0,60.0,76.0,80.0,3.0,Très élevée,Sciences et technologie,Oui,64.0
NS12898,SMP,80.0,80.0,56.0,55.0,55.0,4.0,Élevée,Sciences et technologie,Oui,65.2
NS11631,SMP,95.0,72.0,71.0,,66.0,5.0,Très élevée,Sciences et technologie,Oui,74.4
NS11998,SMP,73.0,,54.0,71.0,38.0,4.0,Élevée,Sciences et technologie,Oui,60.8
NS10663,SVT,70.0,74.0,88.0,59.0,53.0,4.0,Très élevée,Santé et environnement,Non,68.8
NS10683,SES,,52.0,50.0,72.0,85.0,4.0,Élevée,Économie et société,Non,67.0
NS11257,SVT,71.0,65.0,83.0,45.0,56.0,3.0,Élevée,,Oui,64.0
NS10317,SES,58.0,55.0,64.0,62.0,96.0,3.0,Élevée,Sciences et technologie,Oui,67.0
NS10648,LLA,66.0,63.0,61.0,86.0,67.0,2.0,Très élevée,Lettres et langues,Non,68.6
NS11434,SMP,81.0,92.0,65.0,64.0,66.0,3.0,Moyenne,Sciences et technologie,Non,73.6
NS11479,SMP,76.0,61.0,64.0,52.0,75.0,3.0,Élevée,Informatique,Oui,65.6
NS10709,SVT,70.0,85.0,85.0,79.0,65.0,3.0,Moyenne,Santé et environnement,Oui,76.8
NS11282,SES,76.0,58.0,53.0,71.0,,4.0,Très élevée,Économie et société,Non,66.2
NS11768,SMP,75.0,87.0,60.0,61.0,67.0,3.0,Très élevée,Sciences et technologie,Oui,70.0
NS10972,LLA,69.0,49.05413920422243,70.0,78.65533378389088,82.0,3.0,Élevée,Arts et culture,Non,69.7
NS12675,LLA,62.0,67.0,54.0,84.0,58.0,3.0,Très élevée,Arts et culture,Oui,65.0
NS12680,SMP,91.0,100.0,66.0,,67.0,4.0,Moyenne,Sciences et technologie,Oui,77.4
NS11306,SVT,55.0,87.0,81.0,53.0,74.0,5.0,Élevée,,Oui,70.0
NS11400,SES,58.0,59.0,53.0,75.0,64.0,2.0,Très élevée,Économie et société,Non,61.8
NS11408,SVT,80.0,65.11309347598645,83.0,72.26407952107675,58.0,,Très élevée,Sciences et technologie,Oui,71.7
NS12237,SMP,85.0,91.0,68.0,74.0,55.0,5.0,Élevée,Sciences et technologie,Oui,74.6
NS11496,SMP,80.0,85.0,66.0,77.0,65.0,5.0,Faible,Sciences et technologie,Oui,74.6
NS12038,SMP,79.0,81.0,57.0,62.0,65.0,4.0,Très élevée,Sciences et technologie,Oui,68.8
NS11529,LLA,55.0,44.0,69.0,77.0,88.0,3.0,Très élevée,Lettres et langues,Non,66.6
NS11663,SMP,86.0,66.0,63.416081380623964,63.0,56.17115858934656,4.0,Moyenne,Sciences et technologie,Oui,66.9
NS11354,SMP,76.0,66.0,72.0,90.0,67.0,5.0,Élevée,Informatique,Oui,74.2
NS12924,SMP,83.0,85.0,77.0,68.0,53.0,5.0,Élevée,Sciences et technologie,Oui,73.2
NS12944,SVT,83.0,54.0,70.0,70.0,86.0,4.0,Très élevée,Sciences et technologie,Non,72.6
NS11643,SMP,89.0,71.0,67.66912474905284,66.0,81.9668434852224,4.0,Très élevée,Sciences et technologie,Non,75.1
NS11051,SVT,75.0,57.0,78.0,50.0,55.0,3.0,Élevée,Santé et environnement,Non,63.0
NS10795,SES,71.0,62.0,70.0,80.0,89.0,3.0,Élevée,Économie et société,Oui,74.4
NS12693,LLA,59.0,45.0,40.0,81.0,83.0,2.0,Élevée,Lettres et langues,Non,61.6
NS11597,SMP,83.0,79.0,64.09591488171895,59.0,,4.0,Élevée,Informatique,Oui,67.9
NS12604,SES,63.0,66.0,72.0,79.0,83.0,4.0,Très élevée,Économie et société,Non,72.6
NS12729,SVT,78.0,69.0,76.0,63.0,68.0,3.0,Très élevée,Sciences et technologie,Non,70.8
NS12625,SVT,46.0,60.0,78.0,67.0,44.0,3.0,Très élevée,Santé et environnement,Non,59.0
NS11819,SVT,57.0,83.0,79.0,62.0,76.0,4.0,Élevée,Santé et environnement,Non,71.4
NS11722,LLA,64.0,51.0,57.0,98.0,71.0,2.0,Élevée,Lettres et langues,,68.2
NS11183,SES,69.0,56.0,48.0,74.0,77.0,2.0,Élevée,Économie et société,Non,64.8
NS12572,SMP,64.0,77.0,60.0,65.0,65.0,3.0,Moyenne,,,66.2
NS11059,SVT,89.0,58.0,84.0,72.0,60.0,4.0,Élevée,Santé et environnement,Non,72.6
NS10540,SES,53.0,51.0,49.0,69.0,66.0,4.0,Élevée,Économie et société,Non,57.6
NS11678,SMP,74.0,91.0,60.0,60.0,54.0,4.0,Élevée,Informatique,Oui,67.8
NS12796,LLA,53.0,66.0,62.0,93.0,67.0,3.0,Élevée,Lettres et langues,Non,68.2
NS12955,SMP,78.0,65.49392199261806,51.0,65.79014406731905,51.0,5.0,Élevée,Sciences et technologie,Oui,62.3
NS12532,SES,77.0,61.0,60.0,68.0,,4.0,Élevée,Économie et société,Non,68.2
NS11757,SVT,79.0,55.0,94.0,68.0,60.0,4.0,Élevée,Santé et environnement,Non,71.2
NS11923,SMP,78.0,89.0,66.0,84.0,60.0,4.0,Élevée,Informatique,Oui,75.4
NS10095,SES,57.0,79.0,66.0,71.0,78.0,2.0,Très élevée,Économie et société,Non,70.2
NS11020,SVT,76.0,56.0,88.0,72.0,52.0,2.0,Très élevée,Sciences et technologie,Oui,68.8
NS10563,SES,81.0,71.0,57.0,71.0,76.0,2.0,Très élevée,Économie et société,Non,71.2
NS12790,SMP,68.0,71.0,62.0,61.0,60.0,4.0,Élevée,Informatique,Oui,64.4
NS10863,SES,59.0,58.0,64.0,68.0,87.0,3.0,Élevée,Sciences et technologie,,67.2
NS11484,SVT,62.0,50.0,83.0,88.0,72.0,2.0,Élevée,Santé et environnement,Non,71.0
NS11881,SMP,85.0,72.0,68.0,76.0,56.0,5.0,Élevée,Sciences et technologie,Non,71.4
NS11038,SES,74.0,47.0,71.0,,79.0,2.0,Très élevée,Sciences et technologie,Non,66.4
NS10206,SMP,86.0,88.0,71.0,65.0,65.0,3.0,Moyenne,Sciences et technologie,Non,75.0
NS10392,SES,70.0,36.0,53.0,85.0,69.0,2.0,Très élevée,Sciences et technologie,,62.6
NS12842,SES,60.0,53.0,63.0,62.0,99.0,4.0,Élevée,Économie et société,Non,67.4
NS10870,LLA,61.0,51.0,56.0,76.0,65.0,3.0,Moyenne,Arts et culture,Non,61.8
NS10397,LLA,41.0,62.0,55.0,79.0,83.0,2.0,Très élevée,Arts et culture,Non,64.0
NS12814,SVT,68.0,71.0,63.0,76.0,57.0,2.0,Moyenne,Santé et environnement,Non,67.0
NS12882,SMP,81.0,80.0,65.0,50.0,55.0,5.0,Moyenne,Sciences et technologie,Oui,66.2
NS11028,LLA,72.0,51.0,61.0,92.0,77.0,3.0,Élevée,Arts et culture,Non,70.6
NS12690,SMP,85.0,81.0,63.0,54.0,62.0,4.0,Élevée,Sciences et technologie,Oui,69.0
NS11485,SMP,77.0,73.0,63.0,67.0,66.0,4.0,Très élevée,Sciences et technologie,Oui,69.2
NS12660,SES,47.0,54.0,71.0,81.0,81.0,4.0,Très élevée,Économie et société,Non,66.8
NS10960,SES,64.0,60.0,52.0,76.0,72.0,3.0,Très élevée,Économie et société,Non,64.8
NS11570,SES,60.928922368088415,56.0,37.74687511921425,56.0,,3.0,Très élevée,Sciences et technologie,Non,58.3
NS12773,SES,52.0,58.0,34.0,75.0,68.0,3.0,Très élevée,Économie et société,Non,57.4
NS11895,LLA,57.0,42.0,48.0,84.0,68.0,2.0,Élevée,Arts et culture,Non,59.8
NS12731,SMP,100.0,77.0,67.0,70.0,55.0,,Très élevée,Sciences et technologie,Oui,73.8
NS12146,SMP,79.0,84.0,81.0,62.0,56.0,5.0,Élevée,Sciences et technologie,Oui,72.4
NS10804,SMP,92.0,80.0,75.0,60.0,59.0,5.0,Très élevée,Sciences et technologie,Oui,73.2
NS11751,LLA,56.0,55.0,64.0,88.0,68.0,2.0,Élevée,Arts et culture,Non,66.2
NS12454,SVT,85.0,68.0,85.0,70.0,68.0,2.0,Faible,Santé et environnement,Non,75.2
NS10502,LLA,,47.0,52.0,84.0,84.0,3.0,Élevée,Lettres et langues,Oui,64.2
NS10779,LLA,62.0,72.0,52.0,73.0,74.0,3.0,Élevée,Lettres et langues,,66.6
NS11863,SMP,75.0,50.57903940413404,68.0,63.0,44.19183334442974,4.0,Moyenne,Sciences et technologie,Oui,60.2
NS10200,LLA,70.0,49.0,56.0,85.0,76.0,2.0,Élevée,Lettres et langues,Non,67.2
NS12182,SMP,74.0,71.0,66.0,67.0,56.0,4.0,Moyenne,Sciences et technologie,Oui,66.8
NS12088,SMP,80.0,67.0,70.0,70.0,66.0,5.0,Élevée,Sciences et technologie,Oui,70.6
NS12278,LLA,57.0,41.0,67.0,77.0,81.0,2.0,Élevée,Lettres et langues,Non,64.6
NS11796,LLA,50.0,43.0,68.0,82.0,91.0,2.0,Très élevée,Arts et culture,Non,66.8
NS10378,SMP,71.0,85.0,79.0,75.0,66.0,3.0,Élevée,Informatique,Oui,75.2
NS12336,SES,56.0,55.0,74.0,78.0,84.0,2.0,Élevée,Sciences et technologie,Non,69.4
NS10418,SMP,70.0,71.0,70.0,75.0,58.0,4.0,Élevée,Sciences et technologie,Oui,68.8
NS11698,SMP,71.0,87.0,68.0,72.0,57.0,5.0,Très élevée,Sciences et technologie,Oui,71.0
NS10391,SVT,65.0,65.0,85.0,72.0,68.0,4.0,Très élevée,Santé et environnement,Non,71.0
NS12640,SES,67.0,48.0,56.0,76.0,77.0,4.0,Très élevée,Économie et société,Non,64.8
NS11522,LLA,35.0,41.0,52.0,88.0,92.0,2.0,Très élevée,Arts et culture,,61.6
NS11162,SMP,68.0,86.0,66.0,63.0,50.0,4.0,,Informatique,Oui,66.6
NS11495,SVT,67.0,,83.0,73.0,55.0,5.0,Très élevée,Santé et environnement,Non,70.0
NS12695,SES,73.0,67.0,64.0,80.0,72.0,4.0,Élevée,Économie et société,Non,71.2
NS12027,LLA,59.0,53.0,60.0,89.0,72.0,4.0,Élevée,Arts et culture,Non,66.6
NS11152,SES,82.0,61.0,62.0,79.0,82.0,3.0,Moyenne,Économie et société,Oui,73.2
NS11367,SMP,85.0,91.0,62.0,65.0,57.0,4.0,Moyenne,Informatique,Non,72.0
NS12568,SES,67.0,71.0,51.0,79.0,77.0,3.0,Moyenne,Sciences et technologie,Oui,69.0
NS10064,LLA,69.0,53.733427405851145,56.0,88.31709948196726,74.0,2.0,Très élevée,Lettres et langues,Oui,68.2
NS12062,LLA,65.0,54.0,62.0,98.0,56.0,2.0,Très élevée,Lettres et langues,Non,67.0
NS11180,SMP,82.0,72.0,72.0,67.0,73.0,4.0,Moyenne,Sciences et technologie,Non,73.2
NS10492,SES,67.0,60.0,73.0,84.0,92.0,3.0,Élevée,Sciences et technologie,Oui,75.2
NS10379,SES,74.0,57.0,56.0,,71.0,4.0,Élevée,Économie et société,Oui,68.8
NS12235,SMP,95.0,86.0,66.0,79.0,48.0,4.0,Très élevée,Informatique,Oui,74.8
NS10763,SES,70.0,47.0,63.0,68.0,72.0,2.0,Moyenne,Sciences et technologie,Oui,64.0
NS12264,SMP,78.0,95.0,61.0,70.0,60.0,4.0,Élevée,Informatique,Oui,72.8
NS10791,SVT,67.0,83.0,88.0,61.0,53.0,4.0,Élevée,Santé et environnement,Oui,70.4
NS11076,SVT,64.0,66.0,88.0,89.0,75.0,4.0,Très élevée,Santé et environnement,Non,76.4
NS10878,SMP,84.0,91.0,59.0,58.0,58.0,4.0,Élevée,Informatique,Oui,70.0
NS10337,SVT,62.0,78.0,65.0,70.0,73.0,3.0,Élevée,Sciences et technologie,Non,69.6
NS12767,SMP,86.0,71.0,62.0,71.0,72.0,4.0,Moyenne,Informatique,Oui,72.4
NS12343,SES,68.0,72.0,63.0,75.0,79.0,4.0,Moyenne,Économie et société,Non,71.4
NS11016,SES,57.0,54.0,50.0,69.0,85.0,3.0,Très élevée,Économie et société,Non,63.0
NS11275,SES,72.0,56.0,57.0,80.0,88.0,3.0,Très élevée,Sciences et technologie,Oui,70.6
NS10455,SMP,75.0,86.0,62.0,64.0,55.0,4.0,Élevée,Sciences et technologie,Oui,68.4
NS10815,SMP,83.0,75.0,68.0,46.0,46.0,4.0,Très élevée,Sciences et technologie,Oui,63.6
NS12317,SES,67.0,60.0,71.0,73.0,90.0,3.0,Très élevée,Économie et société,Non,72.2
NS10995,SES,55.0,56.0,53.843586777790335,78.59067881065852,72.0,3.0,Élevée,Économie et société,Non,63.1
NS11981,SMP,87.0,82.0,76.0,52.0,54.0,5.0,Très élevée,,Oui,70.2
NS10201,SES,82.0,65.0,59.0,82.0,74.0,3.0,Très élevée,Économie et société,Oui,72.4
NS10161,SVT,71.0,51.0,82.0,72.0,70.0,3.0,Élevée,Santé et environnement,Non,69.2
NS11579,SVT,74.0,57.0,85.0,75.0,57.0,3.0,,,Non,69.6
NS12777,SES,78.0,50.0,64.0,90.0,88.0,4.0,Élevée,Économie et société,Non,74.0
NS12449,SMP,87.0,71.0,68.0,69.0,,3.0,Très élevée,Sciences et technologie,Oui,71.2
NS10702,LLA,53.0,57.0,67.0,82.0,66.0,3.0,Élevée,Lettres et langues,Non,65.0
NS11500,SMP,89.0,88.0,78.06375256714543,70.0,65.11329296823108,4.0,Élevée,Sciences et technologie,Oui,78.0
NS11129,SVT,55.0,,81.0,67.0,78.0,4.0,Très élevée,Santé et environnement,Oui,70.6
NS12613,SMP,90.0,70.0,75.0,45.0,74.0,4.0,Très élevée,,,70.8
NS11021,LLA,51.0,50.0,59.0,81.0,88.0,2.0,Élevée,Arts et culture,Non,65.8
NS11585,SMP,80.0,92.0,80.0,65.0,40.0,4.0,Élevée,Informatique,Oui,71.4
NS11955,SMP,83.0,65.0,50.0,61.0,,3.0,Élevée,Sciences et technologie,Oui,67.4
NS12253,SVT,74.0,63.0,89.0,77.0,71.0,4.0,Très élevée,Santé et environnement,Oui,74.8
NS10034,SVT,,78.0,75.0,80.0,57.0,3.0,Très élevée,Santé et environnement,Oui,73.6
NS10775,SES,63.0,64.0,57.0,74.0,69.0,2.0,Très élevée,Économie et société,Non,65.4
NS12556,SMP,87.0,72.0,76.0,43.0,69.0,4.0,Moyenne,Sciences et technologie,Oui,69.4
NS11478,LLA,42.0,50.0,40.0,83.0,78.0,3.0,Élevée,Lettres et langues,Non,58.6
NS11390,SMP,69.0,72.0,53.0,70.0,61.0,5.0,Élevée,Sciences et technologie,Oui,65.0
NS12139,SMP,90.0,91.0,58.0,61.0,63.0,4.0,Élevée,Sciences et technologie,Oui,72.6
NS11363,LLA,57.0,55.0,50.0,80.0,,3.0,Moyenne,Arts et culture,Oui,63.4
NS12612,LLA,54.0,47.0,58.0,98.0,63.0,4.0,Très élevée,Arts et culture,Oui,64.0
NS12824,SVT,80.0,71.0,79.0,,61.0,3.0,Très élevée,Sciences et technologie,Oui,71.8
NS12041,SMP,74.0,88.0,62.0,56.0,50.0,5.0,,Informatique,Non,66.0
NS10241,LLA,49.0,55.0,61.0,93.0,61.0,2.0,Très élevée,Lettres et langues,,63.8
NS12061,SMP,71.0,83.0,78.0,64.0,57.0,4.0,Très élevée,Informatique,Non,70.6
NS12363,LLA,71.0,38.0,62.0,72.0,78.0,2.0,Très élevée,Lettres et langues,Oui,64.2
NS10600,SES,65.0,64.0,62.0,78.0,79.0,3.0,Très élevée,Économie et société,Non,69.6
NS12435,SES,67.0,79.0,,67.0,77.0,4.0,Moyenne,Économie et société,Non,71.0
NS11297,LLA,66.0,36.0,42.0,79.0,77.0,1.0,Très élevée,Arts et culture,Non,60.0
NS12214,SMP,89.0,86.0,79.0,76.0,54.0,5.0,Élevée,Sciences et technologie,Non,76.8
NS12888,SMP,94.0,77.0,54.0,69.0,73.0,5.0,Moyenne,Sciences et technologie,Oui,73.4
NS12068,SMP,91.0,69.0,59.0,64.0,70.0,3.0,Élevée,Informatique,Oui,70.6
NS10646,LLA,56.0,48.0,63.0,75.0,69.0,2.0,Élevée,Arts et culture,Non,62.2
NS11528,LLA,60.0,44.0,61.0,91.0,84.0,4.0,Élevée,Arts et culture,Non,68.0
NS12879,SMP,82.0,,72.0,66.0,53.0,4.0,Élevée,Sciences et technologie,Non,71.8
NS11267,SVT,69.0,69.0,83.0,73.0,60.0,4.0,,Sciences et technologie,Oui,70.8
NS11899,LLA,69.0,36.0,53.0,82.0,68.0,4.0,Très élevée,Arts et culture,Oui,61.6
NS10562,SMP,76.0,83.0,56.0,61.0,62.0,4.0,Élevée,Informatique,Oui,67.6
NS12734,LLA,115.0,52.0,63.0,83.0,,2.0,Élevée,Lettres et langues,Non,61.4
NS10189,SVT,84.54412083818538,70.93349837980142,82.0,57.0,58.0,3.0,Très élevée,Santé et environnement,Oui,70.5
NS11806,SVT,65.0,75.0,86.0,53.0,70.0,3.0,Très élevée,Santé et environnement,Oui,69.8
NS10975,SVT,73.0,86.0,85.0,79.0,60.0,3.0,Très élevée,Santé et environnement,Oui,76.6
NS12747,SES,63.0,68.0,49.0,83.0,89.0,2.0,Élevée,Économie et société,Non,70.4
NS12047,SES,77.0,65.0,56.0,68.0,69.0,3.0,Élevée,Sciences et technologie,Non,67.0
NS12558,SES,66.0,55.0,53.0,76.0,72.0,3.0,Très élevée,Économie et société,Non,64.4
NS11082,SES,62.0,47.0,74.0,78.0,98.0,3.0,Très élevée,Économie et société,Non,71.8
NS10474,SVT,43.0,63.0,71.0,61.0,59.0,4.0,Moyenne,Santé et environnement,Oui,59.4
NS12904,LLA,36.0,54.0,61.0,66.0,79.0,3.0,Très élevée,Lettres et langues,Non,59.2
NS10747,SMP,76.0,80.0,70.0,51.0,,4.0,Élevée,Informatique,Oui,66.8
NS12300,SMP,81.0,70.0,70.0,62.0,44.0,5.0,Élevée,Informatique,Oui,65.4
NS10021,SVT,75.0,75.0,93.0,79.0,75.0,5.0,Très élevée,Santé et environnement,Non,79.4
NS10459,SMP,75.0,81.0,61.0,73.0,46.0,3.0,Moyenne,Sciences et technologie,Oui,67.2
NS11184,SES,62.0,39.0,59.0,82.0,73.0,3.0,Très élevée,Sciences et technologie,Non,63.0
NS12324,SVT,69.0,64.0,88.0,51.0,76.0,3.0,Très élevée,Santé et environnement,Non,69.6
NS10955,SMP,89.0,62.0,69.0,47.0,53.0,4.0,Très élevée,Sciences et technologie,Oui,64.0
NS11215,SVT,76.0,63.0,91.0,65.0,62.0,3.0,Élevée,Sciences et technologie,Non,71.4
NS12433,SES,57.0,75.0,61.0,97.0,84.0,,Très élevée,Économie et société,Oui,74.8
NS12853,SMP,66.0,83.0,47.0,68.0,45.0,5.0,Très élevée,Informatique,Oui,61.8
NS11515,SMP,70.0,93.0,47.0,56.0,81.0,4.0,Très élevée,Sciences et technologie,Oui,69.4
NS12391,SES,54.0,49.0,50.0,84.0,90.0,4.0,Très élevée,Économie et société,Non,65.4
NS10769,SES,53.0,50.0,67.0,,87.0,3.0,Très élevée,Économie et société,Non,67.4
NS11685,SES,69.0,61.0,70.0,79.0,73.0,5.0,Très élevée,Sciences et technologie,Oui,70.4
NS10130,LLA,49.0,51.0,60.0,98.0,72.0,,,Lettres et langues,Oui,66.0
NS12919,SES,55.0,59.0,81.0,82.0,88.0,4.0,Très élevée,Économie et société,Oui,73.0
NS12135,SVT,77.0,56.0,68.0,68.0,71.0,4.0,Élevée,Sciences et technologie,Oui,68.0
NS11482,LLA,72.0,48.0,65.0,94.0,64.0,1.0,Très élevée,Lettres et langues,Non,68.6
NS10330,SVT,88.0,83.0,83.0,78.0,73.0,4.0,Très élevée,Sciences et technologie,Oui,81.0
NS11238,SVT,73.0,70.0,78.0,,63.0,2.0,Très élevée,Sciences et technologie,Non,68.4
NS10466,SVT,76.0,86.0,81.0,84.0,56.0,4.0,Élevée,,Non,76.6
NS12169,SMP,72.0,82.0,58.0,68.0,75.0,4.0,Élevée,Sciences et technologie,Non,71.0
NS11638,SMP,100.0,68.0,81.0,62.0,73.0,4.0,Élevée,Informatique,Oui,76.8
NS11095,SVT,62.0,70.0,92.0,79.0,63.0,4.0,Très élevée,Santé et environnement,Non,73.2
NS11130,LLA,73.0,58.0,60.0,98.0,86.0,3.0,Élevée,Lettres et langues,Non,75.0
NS11294,SES,58.0,54.0,64.0,63.0,80.0,2.0,Élevée,Économie et société,Oui,63.8
NS10860,SES,,60.0,54.0,77.0,89.0,3.0,Très élevée,Économie et société,Non,69.0
